00:00, Wed Jan 01 2025, 2
01:00, Wed Jan 01 2025, 2.002
02:00, Wed Jan 01 2025, 2.0040019999999994
03:00, Wed Jan 01 2025, 2.006006001999999
04:00, Wed Jan 01 2025, 2.008012008001999
05:00, Wed Jan 01 2025, 2.0100200200100007
06:00, Wed Jan 01 2025, 2.0120300400300106
07:00, Wed Jan 01 2025, 2.0140420700700403
08:00, Wed Jan 01 2025, 2.01605611214011
09:00, Wed Jan 01 2025, 2.01807216825225
10:00, Wed Jan 01 2025, 2.020090240420502
11:00, Wed Jan 01 2025, 2.0221103306609223
12:00, Wed Jan 01 2025, 2.024132440991583
13:00, Wed Jan 01 2025, 2.0261565734325746
14:00, Wed Jan 01 2025, 2.028182730006007
15:00, Wed Jan 01 2025, 2.030210912736013
16:00, Wed Jan 01 2025, 2.0322411236487485
17:00, Wed Jan 01 2025, 2.034273364772397
18:00, Wed Jan 01 2025, 2.036307638137169
19:00, Wed Jan 01 2025, 2.0383439457753063
20:00, Wed Jan 01 2025, 2.0403822897210815
21:00, Wed Jan 01 2025, 2.0424226720108023
22:00, Wed Jan 01 2025, 2.044465094682813
23:00, Wed Jan 01 2025, 2.0465095597774954
00:00, Thu Jan 02 2025, 2.048556069337273
01:00, Thu Jan 02 2025, 2.05060462540661
02:00, Thu Jan 02 2025, 2.052655230032016
03:00, Thu Jan 02 2025, 2.054707885262048
04:00, Thu Jan 02 2025, 2.05676259314731
05:00, Thu Jan 02 2025, 2.058819355740457
06:00, Thu Jan 02 2025, 2.060878175096197
07:00, Thu Jan 02 2025, 2.062939053271293
08:00, Thu Jan 02 2025, 2.065001992324564
09:00, Thu Jan 02 2025, 2.0670669943168885
10:00, Thu Jan 02 2025, 2.069134061311205
11:00, Thu Jan 02 2025, 2.071203195372516
12:00, Thu Jan 02 2025, 2.0732743985678885
13:00, Thu Jan 02 2025, 2.075347672966456
14:00, Thu Jan 02 2025, 2.077423020639422
15:00, Thu Jan 02 2025, 2.0795004436600615
16:00, Thu Jan 02 2025, 2.0815799441037215
17:00, Thu Jan 02 2025, 2.083661524047825
18:00, Thu Jan 02 2025, 2.0857451855718723
19:00, Thu Jan 02 2025, 2.087830930757444
20:00, Thu Jan 02 2025, 2.089918761688201
21:00, Thu Jan 02 2025, 2.0920086804498887
22:00, Thu Jan 02 2025, 2.094100689130338
23:00, Thu Jan 02 2025, 2.096194789819468
00:00, Fri Jan 03 2025, 2.0982909846092874
01:00, Fri Jan 03 2025, 2.1003892755938964
02:00, Fri Jan 03 2025, 2.10248966486949
03:00, Fri Jan 03 2025, 2.1045921545343593
04:00, Fri Jan 03 2025, 2.1066967466888933
05:00, Fri Jan 03 2025, 2.108803443435582
06:00, Fri Jan 03 2025, 2.1109122468790176
07:00, Fri Jan 03 2025, 2.1130231591258966
08:00, Fri Jan 03 2025, 2.1151361822850223
09:00, Fri Jan 03 2025, 2.117251318467307
10:00, Fri Jan 03 2025, 2.1193685697857743
11:00, Fri Jan 03 2025, 2.1214879383555596
12:00, Fri Jan 03 2025, 2.123609426293915
13:00, Fri Jan 03 2025, 2.1257330357202084
14:00, Fri Jan 03 2025, 2.1278587687559285
15:00, Fri Jan 03 2025, 2.1299866275246844
16:00, Fri Jan 03 2025, 2.132116614152209
17:00, Fri Jan 03 2025, 2.134248730766361
18:00, Fri Jan 03 2025, 2.136382979497127
19:00, Fri Jan 03 2025, 2.138519362476624
20:00, Fri Jan 03 2025, 2.1406578818391004
21:00, Fri Jan 03 2025, 2.1427985397209395
22:00, Fri Jan 03 2025, 2.14494133826066
23:00, Fri Jan 03 2025, 2.1470862795989207
00:00, Sat Jan 04 2025, 2.149233365878519
01:00, Sat Jan 04 2025, 2.1513825992443976
02:00, Sat Jan 04 2025, 2.153533981843642
03:00, Sat Jan 04 2025, 2.1556875158254853
04:00, Sat Jan 04 2025, 2.1578432033413106
05:00, Sat Jan 04 2025, 2.1600010465446515
06:00, Sat Jan 04 2025, 2.162161047591196
07:00, Sat Jan 04 2025, 2.164323208638787
08:00, Sat Jan 04 2025, 2.1664875318474257
09:00, Sat Jan 04 2025, 2.168654019379273
10:00, Sat Jan 04 2025, 2.1708226733986518
11:00, Sat Jan 04 2025, 2.17299349607205
12:00, Sat Jan 04 2025, 2.175166489568122
13:00, Sat Jan 04 2025, 2.1773416560576897
14:00, Sat Jan 04 2025, 2.179518997713747
15:00, Sat Jan 04 2025, 2.1816985167114606
16:00, Sat Jan 04 2025, 2.183880215228172
17:00, Sat Jan 04 2025, 2.1860640954434
18:00, Sat Jan 04 2025, 2.188250159538843
19:00, Sat Jan 04 2025, 2.1904384096983818
20:00, Sat Jan 04 2025, 2.19262884810808
21:00, Sat Jan 04 2025, 2.1948214769561876
22:00, Sat Jan 04 2025, 2.1970162984331436
23:00, Sat Jan 04 2025, 2.1992133147315767
00:00, Sun Jan 05 2025, 2.201412528046308
01:00, Sun Jan 05 2025, 2.2036139405743542
02:00, Sun Jan 05 2025, 2.2058175545149283
03:00, Sun Jan 05 2025, 2.208023372069443
04:00, Sun Jan 05 2025, 2.2102313954415123
05:00, Sun Jan 05 2025, 2.2124416268369536
06:00, Sun Jan 05 2025, 2.21465406846379
07:00, Sun Jan 05 2025, 2.2168687225322534
08:00, Sun Jan 05 2025, 2.2190855912547853
09:00, Sun Jan 05 2025, 2.22130467684604
10:00, Sun Jan 05 2025, 2.223525981522886
11:00, Sun Jan 05 2025, 2.2257495075044087
12:00, Sun Jan 05 2025, 2.227975257011913
13:00, Sun Jan 05 2025, 2.2302032322689245
14:00, Sun Jan 05 2025, 2.232433435501193
15:00, Sun Jan 05 2025, 2.2346658689366943
16:00, Sun Jan 05 2025, 2.236900534805631
17:00, Sun Jan 05 2025, 2.239137435340436
18:00, Sun Jan 05 2025, 2.2413765727757764
19:00, Sun Jan 05 2025, 2.2436179493485517
20:00, Sun Jan 05 2025, 2.2458615672979
21:00, Sun Jan 05 2025, 2.2481074288651977
22:00, Sun Jan 05 2025, 2.250355536294063
23:00, Sun Jan 05 2025, 2.2526058918303566
00:00, Mon Jan 06 2025, 2.2548584977221866
01:00, Mon Jan 06 2025, 2.2571133562199086
02:00, Mon Jan 06 2025, 2.2593704695761283
03:00, Mon Jan 06 2025, 2.261629840045704
04:00, Mon Jan 06 2025, 2.2638914698857495
05:00, Mon Jan 06 2025, 2.266155361355635
06:00, Mon Jan 06 2025, 2.2684215167169905
07:00, Mon Jan 06 2025, 2.270689938233707
08:00, Mon Jan 06 2025, 2.2729606281719406
09:00, Mon Jan 06 2025, 2.2752335888001123
10:00, Mon Jan 06 2025, 2.277508822388912
11:00, Mon Jan 06 2025, 2.2797863312113007
12:00, Mon Jan 06 2025, 2.2820661175425117
13:00, Mon Jan 06 2025, 2.284348183660054
14:00, Mon Jan 06 2025, 2.2866325318437135
15:00, Mon Jan 06 2025, 2.288919164375557
16:00, Mon Jan 06 2025, 2.2912080835399324
17:00, Mon Jan 06 2025, 2.293499291623472
18:00, Mon Jan 06 2025, 2.2957927909150952
19:00, Mon Jan 06 2025, 2.29808858370601
20:00, Mon Jan 06 2025, 2.300386672289716
21:00, Mon Jan 06 2025, 2.302687058962005
22:00, Mon Jan 06 2025, 2.304989746020967
23:00, Mon Jan 06 2025, 2.307294735766988
00:00, Tue Jan 07 2025, 2.3096020305027545
01:00, Tue Jan 07 2025, 2.311911632533257
02:00, Tue Jan 07 2025, 2.3142235441657903
03:00, Tue Jan 07 2025, 2.316537767709956
04:00, Tue Jan 07 2025, 2.318854305477666
05:00, Tue Jan 07 2025, 2.321173159783143
06:00, Tue Jan 07 2025, 2.323494332942926
07:00, Tue Jan 07 2025, 2.3258178272758685
08:00, Tue Jan 07 2025, 2.328143645103144
09:00, Tue Jan 07 2025, 2.330471788748247
10:00, Tue Jan 07 2025, 2.3328022605369947
11:00, Tue Jan 07 2025, 2.3351350627975314
12:00, Tue Jan 07 2025, 2.3374701978603287
13:00, Tue Jan 07 2025, 2.3398076680581887
14:00, Tue Jan 07 2025, 2.3421474757262466
15:00, Tue Jan 07 2025, 2.3444896232019725
16:00, Tue Jan 07 2025, 2.3468341128251744
17:00, Tue Jan 07 2025, 2.349180946937999
18:00, Tue Jan 07 2025, 2.3515301278849368
19:00, Tue Jan 07 2025, 2.3538816580128215
20:00, Tue Jan 07 2025, 2.356235539670834
21:00, Tue Jan 07 2025, 2.358591775210505
22:00, Tue Jan 07 2025, 2.360950366985715
23:00, Tue Jan 07 2025, 2.3633113173527005
00:00, Wed Jan 08 2025, 2.3656746286700527
01:00, Wed Jan 08 2025, 2.3680403032987227
02:00, Wed Jan 08 2025, 2.3704083436020214
03:00, Wed Jan 08 2025, 2.372778751945623
04:00, Wed Jan 08 2025, 2.3751515306975683
05:00, Wed Jan 08 2025, 2.3775266822282655
06:00, Wed Jan 08 2025, 2.3799042089104936
07:00, Wed Jan 08 2025, 2.382284113119404
08:00, Wed Jan 08 2025, 2.384666397232523
09:00, Wed Jan 08 2025, 2.3870510636297553
10:00, Wed Jan 08 2025, 2.3894381146933847
11:00, Wed Jan 08 2025, 2.3918275528080777
12:00, Wed Jan 08 2025, 2.3942193803608856
13:00, Wed Jan 08 2025, 2.3966135997412463
14:00, Wed Jan 08 2025, 2.399010213340987
15:00, Wed Jan 08 2025, 2.401409223554328
16:00, Wed Jan 08 2025, 2.403810632777882
17:00, Wed Jan 08 2025, 2.4062144434106596
18:00, Wed Jan 08 2025, 2.40862065785407
19:00, Wed Jan 08 2025, 2.411029278511924
20:00, Wed Jan 08 2025, 2.4134403077904354
21:00, Wed Jan 08 2025, 2.4158537480982254
22:00, Wed Jan 08 2025, 2.4182696018463234
23:00, Wed Jan 08 2025, 2.4206878714481697
00:00, Thu Jan 09 2025, 2.4231085593196178
01:00, Thu Jan 09 2025, 2.425531667878937
02:00, Thu Jan 09 2025, 2.4279571995468157
03:00, Thu Jan 09 2025, 2.4303851567463624
04:00, Thu Jan 09 2025, 2.4328155419031083
05:00, Thu Jan 09 2025, 2.435248357445011
06:00, Thu Jan 09 2025, 2.4376836058024556
07:00, Thu Jan 09 2025, 2.440121289408258
08:00, Thu Jan 09 2025, 2.4425614106976656
09:00, Thu Jan 09 2025, 2.445003972108363
10:00, Thu Jan 09 2025, 2.447448976080471
11:00, Thu Jan 09 2025, 2.4498964250565516
12:00, Thu Jan 09 2025, 2.452346321481608
13:00, Thu Jan 09 2025, 2.454798667803089
14:00, Thu Jan 09 2025, 2.457253466470892
15:00, Thu Jan 09 2025, 2.4597107199373625
16:00, Thu Jan 09 2025, 2.4621704306572996
17:00, Thu Jan 09 2025, 2.4646326010879567
18:00, Thu Jan 09 2025, 2.4670972336890444
19:00, Thu Jan 09 2025, 2.4695643309227333
20:00, Thu Jan 09 2025, 2.472033895253656
21:00, Thu Jan 09 2025, 2.474505929148909
22:00, Thu Jan 09 2025, 2.4769804350780578
23:00, Thu Jan 09 2025, 2.4794574155131355
00:00, Fri Jan 10 2025, 2.481936872928648
01:00, Fri Jan 10 2025, 2.4844188098015767
02:00, Fri Jan 10 2025, 2.486903228611378
03:00, Fri Jan 10 2025, 2.4893901318399894
04:00, Fri Jan 10 2025, 2.4918795219718293
05:00, Fri Jan 10 2025, 2.494371401493801
06:00, Fri Jan 10 2025, 2.4968657728952945
07:00, Fri Jan 10 2025, 2.4993626386681895
08:00, Fri Jan 10 2025, 2.5018620013068573
09:00, Fri Jan 10 2025, 2.5043638633081637
10:00, Fri Jan 10 2025, 2.5068682271714717
11:00, Fri Jan 10 2025, 2.509375095398643
12:00, Fri Jan 10 2025, 2.5118844704940413
13:00, Fri Jan 10 2025, 2.514396354964535
14:00, Fri Jan 10 2025, 2.5169107513194993
15:00, Fri Jan 10 2025, 2.5194276620708185
16:00, Fri Jan 10 2025, 2.521947089732889
17:00, Fri Jan 10 2025, 2.5244690368226217
18:00, Fri Jan 10 2025, 2.526993505859444
19:00, Fri Jan 10 2025, 2.5295204993653035
20:00, Fri Jan 10 2025, 2.5320500198646685
21:00, Fri Jan 10 2025, 2.5345820698845327
22:00, Fri Jan 10 2025, 2.537116651954417
23:00, Fri Jan 10 2025, 2.539653768606371
00:00, Sat Jan 11 2025, 2.542193422374977
01:00, Sat Jan 11 2025, 2.5447356157973515
02:00, Sat Jan 11 2025, 2.5472803514131486
03:00, Sat Jan 11 2025, 2.5498276317645616
04:00, Sat Jan 11 2025, 2.5523774593963258
05:00, Sat Jan 11 2025, 2.5549298368557216
06:00, Sat Jan 11 2025, 2.557484766692577
07:00, Sat Jan 11 2025, 2.5600422514592696
08:00, Sat Jan 11 2025, 2.5626022937107287
09:00, Sat Jan 11 2025, 2.5651648960044393
10:00, Sat Jan 11 2025, 2.5677300609004434
11:00, Sat Jan 11 2025, 2.5702977909613436
12:00, Sat Jan 11 2025, 2.5728680887523048
13:00, Sat Jan 11 2025, 2.575440956841057
14:00, Sat Jan 11 2025, 2.5780163977978976
15:00, Sat Jan 11 2025, 2.580594414195695
16:00, Sat Jan 11 2025, 2.5831750086098904
17:00, Sat Jan 11 2025, 2.5857581836184997
18:00, Sat Jan 11 2025, 2.588343941802118
19:00, Sat Jan 11 2025, 2.59093228574392
20:00, Sat Jan 11 2025, 2.593523218029664
21:00, Sat Jan 11 2025, 2.5961167412476933
22:00, Sat Jan 11 2025, 2.5987128579889407
23:00, Sat Jan 11 2025, 2.601311570846929
00:00, Sun Jan 12 2025, 2.603912882417776
01:00, Sun Jan 12 2025, 2.6065167953001933
02:00, Sun Jan 12 2025, 2.6091233120954933
03:00, Sun Jan 12 2025, 2.6117324354075886
04:00, Sun Jan 12 2025, 2.614344167842996
05:00, Sun Jan 12 2025, 2.6169585120108385
06:00, Sun Jan 12 2025, 2.619575470522849
07:00, Sun Jan 12 2025, 2.6221950459933714
08:00, Sun Jan 12 2025, 2.6248172410393646
09:00, Sun Jan 12 2025, 2.627442058280404
10:00, Sun Jan 12 2025, 2.630069500338684
11:00, Sun Jan 12 2025, 2.6326995698390223
12:00, Sun Jan 12 2025, 2.635332269408861
13:00, Sun Jan 12 2025, 2.6379676016782696
14:00, Sun Jan 12 2025, 2.6406055692799475
15:00, Sun Jan 12 2025, 2.643246174849227
16:00, Sun Jan 12 2025, 2.645889421024076
17:00, Sun Jan 12 2025, 2.6485353104450997
18:00, Sun Jan 12 2025, 2.6511838457555443
19:00, Sun Jan 12 2025, 2.6538350296012996
20:00, Sun Jan 12 2025, 2.6564888646309006
21:00, Sun Jan 12 2025, 2.659145353495531
22:00, Sun Jan 12 2025, 2.6618044988490266
23:00, Sun Jan 12 2025, 2.6644663033478753
00:00, Mon Jan 13 2025, 2.667130769651223
01:00, Mon Jan 13 2025, 2.669797900420874
02:00, Mon Jan 13 2025, 2.6724676983212943
03:00, Mon Jan 13 2025, 2.6751401660196152
04:00, Mon Jan 13 2025, 2.6778153061856345
05:00, Mon Jan 13 2025, 2.68049312149182
06:00, Mon Jan 13 2025, 2.6831736146133114
07:00, Mon Jan 13 2025, 2.6858567882279245
08:00, Mon Jan 13 2025, 2.688542645016152
09:00, Mon Jan 13 2025, 2.691231187661168
10:00, Mon Jan 13 2025, 2.693922418848829
11:00, Mon Jan 13 2025, 2.696616341267678
12:00, Mon Jan 13 2025, 2.699312957608945
13:00, Mon Jan 13 2025, 2.7020122705665535
14:00, Mon Jan 13 2025, 2.7047142828371196
15:00, Mon Jan 13 2025, 2.7074189971199565
16:00, Mon Jan 13 2025, 2.710126416117076
17:00, Mon Jan 13 2025, 2.712836542533193
18:00, Mon Jan 13 2025, 2.7155493790757257
19:00, Mon Jan 13 2025, 2.718264928454801
20:00, Mon Jan 13 2025, 2.7209831933832556
21:00, Mon Jan 13 2025, 2.7237041765766383
22:00, Mon Jan 13 2025, 2.7264278807532145
23:00, Mon Jan 13 2025, 2.7291543086339676
00:00, Tue Jan 14 2025, 2.7318834629426014
01:00, Tue Jan 14 2025, 2.7346153464055436
02:00, Tue Jan 14 2025, 2.737349961751949
03:00, Tue Jan 14 2025, 2.7400873117137006
04:00, Tue Jan 14 2025, 2.742827399025414
05:00, Tue Jan 14 2025, 2.7455702264244395
06:00, Tue Jan 14 2025, 2.748315796650864
07:00, Tue Jan 14 2025, 2.7510641124475144
08:00, Tue Jan 14 2025, 2.7538151765599617
09:00, Tue Jan 14 2025, 2.7565689917365215
10:00, Tue Jan 14 2025, 2.7593255607282576
11:00, Tue Jan 14 2025, 2.7620848862889855
12:00, Tue Jan 14 2025, 2.7648469711752743
13:00, Tue Jan 14 2025, 2.7676118181464493
14:00, Tue Jan 14 2025, 2.7703794299645956
15:00, Tue Jan 14 2025, 2.77314980939456
16:00, Tue Jan 14 2025, 2.775922959203954
17:00, Tue Jan 14 2025, 2.7786988821631575
18:00, Tue Jan 14 2025, 2.7814775810453205
19:00, Tue Jan 14 2025, 2.7842590586263656
20:00, Tue Jan 14 2025, 2.787043317684992
21:00, Tue Jan 14 2025, 2.7898303610026765
22:00, Tue Jan 14 2025, 2.792620191363679
23:00, Tue Jan 14 2025, 2.7954128115550425
00:00, Wed Jan 15 2025, 2.798208224366597
01:00, Wed Jan 15 2025, 2.8010064325909636
02:00, Wed Jan 15 2025, 2.8038074390235543
03:00, Wed Jan 15 2025, 2.8066112464625776
04:00, Wed Jan 15 2025, 2.80941785770904
05:00, Wed Jan 15 2025, 2.812227275566749
06:00, Wed Jan 15 2025, 2.8150395028423154
07:00, Wed Jan 15 2025, 2.8178545423451573
08:00, Wed Jan 15 2025, 2.820672396887502
09:00, Wed Jan 15 2025, 2.8234930692843894
10:00, Wed Jan 15 2025, 2.8263165623536732
11:00, Wed Jan 15 2025, 2.8291428789160267
12:00, Wed Jan 15 2025, 2.8319720217949422
13:00, Wed Jan 15 2025, 2.834803993816737
14:00, Wed Jan 15 2025, 2.8376387978105533
15:00, Wed Jan 15 2025, 2.8404764366083635
16:00, Wed Jan 15 2025, 2.8433169130449714
17:00, Wed Jan 15 2025, 2.846160229958016
18:00, Wed Jan 15 2025, 2.8490063901879736
19:00, Wed Jan 15 2025, 2.8518553965781615
20:00, Wed Jan 15 2025, 2.854707251974739
21:00, Wed Jan 15 2025, 2.8575619592267136
22:00, Wed Jan 15 2025, 2.86041952118594
23:00, Wed Jan 15 2025, 2.8632799407071254
00:00, Thu Jan 16 2025, 2.866143220647832
01:00, Thu Jan 16 2025, 2.8690093638684795
02:00, Thu Jan 16 2025, 2.871878373232348
03:00, Thu Jan 16 2025, 2.87475025160558
04:00, Thu Jan 16 2025, 2.877625001857185
05:00, Thu Jan 16 2025, 2.880502626859042
06:00, Thu Jan 16 2025, 2.8833831294859005
07:00, Thu Jan 16 2025, 2.886266512615386
08:00, Thu Jan 16 2025, 2.8891527791280014
09:00, Thu Jan 16 2025, 2.892041931907129
10:00, Thu Jan 16 2025, 2.894933973839036
11:00, Thu Jan 16 2025, 2.8978289078128747
12:00, Thu Jan 16 2025, 2.9007267367206873
13:00, Thu Jan 16 2025, 2.9036274634574077
14:00, Thu Jan 16 2025, 2.906531090920865
15:00, Thu Jan 16 2025, 2.9094376220117852
16:00, Thu Jan 16 2025, 2.9123470596337966
17:00, Thu Jan 16 2025, 2.91525940669343
18:00, Thu Jan 16 2025, 2.918174666100123
19:00, Thu Jan 16 2025, 2.921092840766223
20:00, Thu Jan 16 2025, 2.924013933606989
21:00, Thu Jan 16 2025, 2.926937947540596
22:00, Thu Jan 16 2025, 2.929864885488136
23:00, Thu Jan 16 2025, 2.9327947503736236
00:00, Fri Jan 17 2025, 2.935727545123997
01:00, Fri Jan 17 2025, 2.9386632726691206
02:00, Fri Jan 17 2025, 2.9416019359417893
03:00, Fri Jan 17 2025, 2.9445435378777307
04:00, Fri Jan 17 2025, 2.947488081415608
05:00, Fri Jan 17 2025, 2.950435569497023
06:00, Fri Jan 17 2025, 2.9533860050665197
07:00, Fri Jan 17 2025, 2.956339391071586
08:00, Fri Jan 17 2025, 2.9592957304626575
09:00, Fri Jan 17 2025, 2.96225502619312
10:00, Fri Jan 17 2025, 2.9652172812193127
11:00, Fri Jan 17 2025, 2.9681824985005316
12:00, Fri Jan 17 2025, 2.971150680999032
13:00, Fri Jan 17 2025, 2.974121831680031
14:00, Fri Jan 17 2025, 2.9770959535117107
15:00, Fri Jan 17 2025, 2.980073049465222
16:00, Fri Jan 17 2025, 2.983053122514687
17:00, Fri Jan 17 2025, 2.986036175637201
18:00, Fri Jan 17 2025, 2.9890222118128382
19:00, Fri Jan 17 2025, 2.9920112340246505
20:00, Fri Jan 17 2025, 2.995003245258675
21:00, Fri Jan 17 2025, 2.997998248503933
22:00, Fri Jan 17 2025, 3.0009962467524365
23:00, Fri Jan 17 2025, 3.003997242999189
00:00, Sat Jan 18 2025, 3.0070012402421877
01:00, Sat Jan 18 2025, 3.0100082414824296
02:00, Sat Jan 18 2025, 3.0130182497239115
03:00, Sat Jan 18 2025, 3.016031267973635
04:00, Sat Jan 18 2025, 3.0190472992416084
05:00, Sat Jan 18 2025, 3.0220663465408495
06:00, Sat Jan 18 2025, 3.02508841288739
07:00, Sat Jan 18 2025, 3.0281135013002767
08:00, Sat Jan 18 2025, 3.0311416148015766
09:00, Sat Jan 18 2025, 3.034172756416378
10:00, Sat Jan 18 2025, 3.037206929172794
11:00, Sat Jan 18 2025, 3.0402441361019665
12:00, Sat Jan 18 2025, 3.043284380238068
13:00, Sat Jan 18 2025, 3.046327664618306
14:00, Sat Jan 18 2025, 3.049373992282924
15:00, Sat Jan 18 2025, 3.0524233662752067
16:00, Sat Jan 18 2025, 3.0554757896414815
17:00, Sat Jan 18 2025, 3.0585312654311227
18:00, Sat Jan 18 2025, 3.0615897966965537
19:00, Sat Jan 18 2025, 3.06465138649325
20:00, Sat Jan 18 2025, 3.067716037879743
21:00, Sat Jan 18 2025, 3.070783753917622
22:00, Sat Jan 18 2025, 3.0738545376715396
23:00, Sat Jan 18 2025, 3.076928392209211
00:00, Sun Jan 19 2025, 3.08000532060142
01:00, Sun Jan 19 2025, 3.083085325922021
02:00, Sun Jan 19 2025, 3.0861684112479426
03:00, Sun Jan 19 2025, 3.0892545796591904
04:00, Sun Jan 19 2025, 3.092343834238849
05:00, Sun Jan 19 2025, 3.0954361780730877
06:00, Sun Jan 19 2025, 3.0985316142511605
07:00, Sun Jan 19 2025, 3.1016301458654114
08:00, Sun Jan 19 2025, 3.1047317760112767
09:00, Sun Jan 19 2025, 3.1078365077872876
10:00, Sun Jan 19 2025, 3.1109443442950746
11:00, Sun Jan 19 2025, 3.1140552886393693
12:00, Sun Jan 19 2025, 3.1171693439280084
13:00, Sun Jan 19 2025, 3.120286513271936
14:00, Sun Jan 19 2025, 3.123406799785208
15:00, Sun Jan 19 2025, 3.126530206584993
16:00, Sun Jan 19 2025, 3.1296567367915777
17:00, Sun Jan 19 2025, 3.132786393528369
18:00, Sun Jan 19 2025, 3.135919179921897
19:00, Sun Jan 19 2025, 3.1390550991018182
20:00, Sun Jan 19 2025, 3.1421941542009195
21:00, Sun Jan 19 2025, 3.14533634835512
22:00, Sun Jan 19 2025, 3.148481684703475
23:00, Sun Jan 19 2025, 3.1516301663881783
00:00, Mon Jan 20 2025, 3.154781796554566
01:00, Mon Jan 20 2025, 3.15793657835112
02:00, Mon Jan 20 2025, 3.161094514929471
03:00, Mon Jan 20 2025, 3.1642556094444
04:00, Mon Jan 20 2025, 3.1674198650538443
05:00, Mon Jan 20 2025, 3.1705872849188976
06:00, Mon Jan 20 2025, 3.173757872203816
07:00, Mon Jan 20 2025, 3.1769316300760195
08:00, Mon Jan 20 2025, 3.180108561706095
09:00, Mon Jan 20 2025, 3.183288670267801
10:00, Mon Jan 20 2025, 3.1864719589380686
11:00, Mon Jan 20 2025, 3.189658430897006
12:00, Mon Jan 20 2025, 3.192848089327903
13:00, Mon Jan 20 2025, 3.1960409374172305
14:00, Mon Jan 20 2025, 3.1992369783546475
15:00, Mon Jan 20 2025, 3.2024362153330017
16:00, Mon Jan 20 2025, 3.2056386515483344
17:00, Mon Jan 20 2025, 3.2088442901998824
18:00, Mon Jan 20 2025, 3.212053134490082
19:00, Mon Jan 20 2025, 3.2152651876245715
20:00, Mon Jan 20 2025, 3.2184804528121957
21:00, Mon Jan 20 2025, 3.2216989332650074
22:00, Mon Jan 20 2025, 3.224920632198272
23:00, Mon Jan 20 2025, 3.22814555283047
00:00, Tue Jan 21 2025, 3.2313736983833
01:00, Tue Jan 21 2025, 3.234605072081683
02:00, Tue Jan 21 2025, 3.2378396771537643
03:00, Tue Jan 21 2025, 3.241077516830918
04:00, Tue Jan 21 2025, 3.2443185943477486
05:00, Tue Jan 21 2025, 3.247562912942096
06:00, Tue Jan 21 2025, 3.2508104758550376
07:00, Tue Jan 21 2025, 3.2540612863308924
08:00, Tue Jan 21 2025, 3.2573153476172227
09:00, Tue Jan 21 2025, 3.2605726629648397
10:00, Tue Jan 21 2025, 3.2638332356278044
11:00, Tue Jan 21 2025, 3.267097068863432
12:00, Tue Jan 21 2025, 3.270364165932295
13:00, Tue Jan 21 2025, 3.2736345300982266
14:00, Tue Jan 21 2025, 3.2769081646283245
15:00, Tue Jan 21 2025, 3.2801850727929525
16:00, Tue Jan 21 2025, 3.283465257865745
17:00, Tue Jan 21 2025, 3.28674872312361
18:00, Tue Jan 21 2025, 3.2900354718467333
19:00, Tue Jan 21 2025, 3.29332550731858
20:00, Tue Jan 21 2025, 3.296618832825898
21:00, Tue Jan 21 2025, 3.2999154516587237
22:00, Tue Jan 21 2025, 3.303215367110382
23:00, Tue Jan 21 2025, 3.306518582477492
00:00, Wed Jan 22 2025, 3.3098251010599693
01:00, Wed Jan 22 2025, 3.313134926161029
02:00, Wed Jan 22 2025, 3.31644806108719
03:00, Wed Jan 22 2025, 3.3197645091482766
04:00, Wed Jan 22 2025, 3.3230842736574244
05:00, Wed Jan 22 2025, 3.3264073579310813
06:00, Wed Jan 22 2025, 3.329733765289012
07:00, Wed Jan 22 2025, 3.3330634990543007
08:00, Wed Jan 22 2025, 3.3363965625533547
09:00, Wed Jan 22 2025, 3.3397329591159077
10:00, Wed Jan 22 2025, 3.3430726920750233
11:00, Wed Jan 22 2025, 3.346415764767098
12:00, Wed Jan 22 2025, 3.3497621805318647
13:00, Wed Jan 22 2025, 3.3531119427123963
14:00, Wed Jan 22 2025, 3.3564650546551085
15:00, Wed Jan 22 2025, 3.3598215197097634
16:00, Wed Jan 22 2025, 3.3631813412294727
17:00, Wed Jan 22 2025, 3.3665445225707016
18:00, Wed Jan 22 2025, 3.369911067093272
19:00, Wed Jan 22 2025, 3.373280978160365
20:00, Wed Jan 22 2025, 3.376654259138525
21:00, Wed Jan 22 2025, 3.3800309133976634
22:00, Wed Jan 22 2025, 3.3834109443110605
23:00, Wed Jan 22 2025, 3.386794355255371
00:00, Thu Jan 23 2025, 3.3901811496106258
01:00, Thu Jan 23 2025, 3.393571330760236
02:00, Thu Jan 23 2025, 3.396964902090996
03:00, Thu Jan 23 2025, 3.400361866993087
04:00, Thu Jan 23 2025, 3.4037622288600797
05:00, Thu Jan 23 2025, 3.4071659910889394
06:00, Thu Jan 23 2025, 3.410573157080028
07:00, Thu Jan 23 2025, 3.4139837302371077
08:00, Thu Jan 23 2025, 3.4173977139673446
09:00, Thu Jan 23 2025, 3.4208151116813115
10:00, Thu Jan 23 2025, 3.4242359267929925
11:00, Thu Jan 23 2025, 3.427660162719785
12:00, Thu Jan 23 2025, 3.4310878228825046
13:00, Thu Jan 23 2025, 3.434518910705387
14:00, Thu Jan 23 2025, 3.437953429616092
15:00, Thu Jan 23 2025, 3.4413913830457075
16:00, Thu Jan 23 2025, 3.4448327744287526
17:00, Thu Jan 23 2025, 3.448277607203181
18:00, Thu Jan 23 2025, 3.451725884810384
19:00, Thu Jan 23 2025, 3.455177610695194
20:00, Thu Jan 23 2025, 3.4586327883058887
21:00, Thu Jan 23 2025, 3.462091421094194
22:00, Thu Jan 23 2025, 3.465553512515288
23:00, Thu Jan 23 2025, 3.4690190660278026
00:00, Fri Jan 24 2025, 3.47248808509383
01:00, Fri Jan 24 2025, 3.4759605731789236
02:00, Fri Jan 24 2025, 3.4794365337521023
03:00, Fri Jan 24 2025, 3.482915970285854
04:00, Fri Jan 24 2025, 3.4863988862561395
05:00, Fri Jan 24 2025, 3.489885285142395
06:00, Fri Jan 24 2025, 3.4933751704275373
07:00, Fri Jan 24 2025, 3.4968685455979647
08:00, Fri Jan 24 2025, 3.500365414143562
09:00, Fri Jan 24 2025, 3.5038657795577053
10:00, Fri Jan 24 2025, 3.5073696453372625
11:00, Fri Jan 24 2025, 3.5108770149825994
12:00, Fri Jan 24 2025, 3.5143878919975817
13:00, Fri Jan 24 2025, 3.517902279889579
14:00, Fri Jan 24 2025, 3.521420182169468
15:00, Fri Jan 24 2025, 3.524941602351637
16:00, Fri Jan 24 2025, 3.5284665439539884
17:00, Fri Jan 24 2025, 3.531995010497942
18:00, Fri Jan 24 2025, 3.5355270055084396
19:00, Fri Jan 24 2025, 3.5390625325139475
20:00, Fri Jan 24 2025, 3.542601595046461
21:00, Fri Jan 24 2025, 3.546144196641507
22:00, Fri Jan 24 2025, 3.549690340838148
23:00, Fri Jan 24 2025, 3.553240031178986
00:00, Sat Jan 25 2025, 3.5567932712101644
01:00, Sat Jan 25 2025, 3.560350064481374
02:00, Sat Jan 25 2025, 3.5639104145458553
03:00, Sat Jan 25 2025, 3.5674743249604006
04:00, Sat Jan 25 2025, 3.5710417992853607
05:00, Sat Jan 25 2025, 3.5746128410846456
06:00, Sat Jan 25 2025, 3.5781874539257297
07:00, Sat Jan 25 2025, 3.581765641379655
08:00, Sat Jan 25 2025, 3.5853474070210343
09:00, Sat Jan 25 2025, 3.588932754428055
10:00, Sat Jan 25 2025, 3.5925216871824825
11:00, Sat Jan 25 2025, 3.5961142088696647
12:00, Sat Jan 25 2025, 3.599710323078534
13:00, Sat Jan 25 2025, 3.603310033401612
14:00, Sat Jan 25 2025, 3.6069133434350134
15:00, Sat Jan 25 2025, 3.610520256778448
16:00, Sat Jan 25 2025, 3.6141307770352262
17:00, Sat Jan 25 2025, 3.617744907812261
18:00, Sat Jan 25 2025, 3.621362652720073
19:00, Sat Jan 25 2025, 3.624984015372793
20:00, Sat Jan 25 2025, 3.6286089993881654
21:00, Sat Jan 25 2025, 3.632237608387553
22:00, Sat Jan 25 2025, 3.6358698459959404
23:00, Sat Jan 25 2025, 3.639505715841936
00:00, Sun Jan 26 2025, 3.6431452215577775
01:00, Sun Jan 26 2025, 3.646788366779335
02:00, Sun Jan 26 2025, 3.6504351551461136
03:00, Sun Jan 26 2025, 3.6540855903012592
04:00, Sun Jan 26 2025, 3.65773967589156
05:00, Sun Jan 26 2025, 3.661397415567451
06:00, Sun Jan 26 2025, 3.6650588129830184
07:00, Sun Jan 26 2025, 3.668723871796001
08:00, Sun Jan 26 2025, 3.6723925956677967
09:00, Sun Jan 26 2025, 3.676064988263464
10:00, Sun Jan 26 2025, 3.6797410532517274
11:00, Sun Jan 26 2025, 3.6834207943049786
12:00, Sun Jan 26 2025, 3.687104215099283
13:00, Sun Jan 26 2025, 3.690791319314382
14:00, Sun Jan 26 2025, 3.694482110633696
15:00, Sun Jan 26 2025, 3.6981765927443293
16:00, Sun Jan 26 2025, 3.7018747693370733
17:00, Sun Jan 26 2025, 3.7055766441064097
18:00, Sun Jan 26 2025, 3.7092822207505156
19:00, Sun Jan 26 2025, 3.7129915029712657
20:00, Sun Jan 26 2025, 3.7167044944742367
21:00, Sun Jan 26 2025, 3.7204211989687104
22:00, Sun Jan 26 2025, 3.7241416201676785
23:00, Sun Jan 26 2025, 3.7278657617878457
00:00, Mon Jan 27 2025, 3.7315936275496333
01:00, Mon Jan 27 2025, 3.7353252211771824
02:00, Mon Jan 27 2025, 3.7390605463983593
03:00, Mon Jan 27 2025, 3.7427996069447573
04:00, Mon Jan 27 2025, 3.7465424065517015
05:00, Mon Jan 27 2025, 3.7502889489582527
06:00, Mon Jan 27 2025, 3.7540392379072105
07:00, Mon Jan 27 2025, 3.7577932771451175
08:00, Mon Jan 27 2025, 3.761551070422262
09:00, Mon Jan 27 2025, 3.7653126214926838
10:00, Mon Jan 27 2025, 3.769077934114176
11:00, Mon Jan 27 2025, 3.77284701204829
12:00, Mon Jan 27 2025, 3.7766198590603377
13:00, Mon Jan 27 2025, 3.7803964789193976
14:00, Mon Jan 27 2025, 3.7841768753983165
15:00, Mon Jan 27 2025, 3.7879610522737144
16:00, Mon Jan 27 2025, 3.7917490133259877
17:00, Mon Jan 27 2025, 3.7955407623393134
18:00, Mon Jan 27 2025, 3.799336303101652
19:00, Mon Jan 27 2025, 3.8031356394047533
20:00, Mon Jan 27 2025, 3.8069387750441575
21:00, Mon Jan 27 2025, 3.8107457138192014
22:00, Mon Jan 27 2025, 3.81455645953302
23:00, Mon Jan 27 2025, 3.8183710159925526
00:00, Tue Jan 28 2025, 3.8221893870085446
01:00, Tue Jan 28 2025, 3.826011576395553
02:00, Tue Jan 28 2025, 3.829837587971948
03:00, Tue Jan 28 2025, 3.8336674255599195
04:00, Tue Jan 28 2025, 3.837501092985479
05:00, Tue Jan 28 2025, 3.841338594078464
06:00, Tue Jan 28 2025, 3.845179932672542
07:00, Tue Jan 28 2025, 3.849025112605214
08:00, Tue Jan 28 2025, 3.852874137717819
09:00, Tue Jan 28 2025, 3.8567270118555363
10:00, Tue Jan 28 2025, 3.8605837388673914
11:00, Tue Jan 28 2025, 3.8644443226062584
12:00, Tue Jan 28 2025, 3.8683087669288643
13:00, Tue Jan 28 2025, 3.8721770756957925
14:00, Tue Jan 28 2025, 3.876049252771488
15:00, Tue Jan 28 2025, 3.879925302024259
16:00, Tue Jan 28 2025, 3.883805227326283
17:00, Tue Jan 28 2025, 3.8876890325536086
18:00, Tue Jan 28 2025, 3.8915767215861616
19:00, Tue Jan 28 2025, 3.8954682983077475
20:00, Tue Jan 28 2025, 3.8993637666060548
21:00, Tue Jan 28 2025, 3.9032631303726606
22:00, Tue Jan 28 2025, 3.907166393503033
23:00, Tue Jan 28 2025, 3.9110735598965354
00:00, Wed Jan 29 2025, 3.9149846334564313
01:00, Wed Jan 29 2025, 3.9188996180898874
02:00, Wed Jan 29 2025, 3.922818517707977
03:00, Wed Jan 29 2025, 3.9267413362256844
04:00, Wed Jan 29 2025, 3.9306680775619096
05:00, Wed Jan 29 2025, 3.934598745639471
06:00, Wed Jan 29 2025, 3.93853334438511
07:00, Wed Jan 29 2025, 3.9424718777294947
08:00, Wed Jan 29 2025, 3.946414349607224
09:00, Wed Jan 29 2025, 3.9503607639568306
10:00, Wed Jan 29 2025, 3.954311124720787
11:00, Wed Jan 29 2025, 3.9582654358455076
12:00, Wed Jan 29 2025, 3.962223701281353
13:00, Wed Jan 29 2025, 3.966185924982634
14:00, Wed Jan 29 2025, 3.970152110907616
15:00, Wed Jan 29 2025, 3.9741222630185233
16:00, Wed Jan 29 2025, 3.9780963852815416
17:00, Wed Jan 29 2025, 3.9820744816668228
18:00, Wed Jan 29 2025, 3.986056556148489
19:00, Wed Jan 29 2025, 3.990042612704637
20:00, Wed Jan 29 2025, 3.9940326553173415
21:00, Wed Jan 29 2025, 3.9980266879726583
22:00, Wed Jan 29 2025, 4.002024714660631
23:00, Wed Jan 29 2025, 4.006026739375291
00:00, Thu Jan 30 2025, 4.010032766114666
01:00, Thu Jan 30 2025, 4.01404279888078
02:00, Thu Jan 30 2025, 4.018056841679661
03:00, Thu Jan 30 2025, 4.02207489852134
04:00, Thu Jan 30 2025, 4.026096973419861
05:00, Thu Jan 30 2025, 4.03012307039328
06:00, Thu Jan 30 2025, 4.034153193463673
07:00, Thu Jan 30 2025, 4.0381873466571365
08:00, Thu Jan 30 2025, 4.042225534003793
09:00, Thu Jan 30 2025, 4.0462677595377965
10:00, Thu Jan 30 2025, 4.0503140272973335
11:00, Thu Jan 30 2025, 4.05436434132463
12:00, Thu Jan 30 2025, 4.058418705665955
13:00, Thu Jan 30 2025, 4.06247712437162
14:00, Thu Jan 30 2025, 4.066539601495991
15:00, Thu Jan 30 2025, 4.070606141097487
16:00, Thu Jan 30 2025, 4.074676747238584
17:00, Thu Jan 30 2025, 4.078751423985822
18:00, Thu Jan 30 2025, 4.082830175409807
19:00, Thu Jan 30 2025, 4.086913005585217
20:00, Thu Jan 30 2025, 4.090999918590802
21:00, Thu Jan 30 2025, 4.095090918509392
22:00, Thu Jan 30 2025, 4.099186009427901
23:00, Thu Jan 30 2025, 4.103285195437328
00:00, Fri Jan 31 2025, 4.107388480632765
01:00, Fri Jan 31 2025, 4.111495869113397
02:00, Fri Jan 31 2025, 4.11560736498251
03:00, Fri Jan 31 2025, 4.119722972347492
04:00, Fri Jan 31 2025, 4.123842695319839
05:00, Fri Jan 31 2025, 4.1279665380151584
06:00, Fri Jan 31 2025, 4.132094504553173
07:00, Fri Jan 31 2025, 4.136226599057726
08:00, Fri Jan 31 2025, 4.1403628256567835
09:00, Fri Jan 31 2025, 4.14450318848244
10:00, Fri Jan 31 2025, 4.148647691670922
11:00, Fri Jan 31 2025, 4.152796339362593
12:00, Fri Jan 31 2025, 4.156949135701955
13:00, Fri Jan 31 2025, 4.161106084837656
14:00, Fri Jan 31 2025, 4.165267190922493
15:00, Fri Jan 31 2025, 4.169432458113415
16:00, Fri Jan 31 2025, 4.173601890571528
17:00, Fri Jan 31 2025, 4.177775492462099
18:00, Fri Jan 31 2025, 4.181953267954561
19:00, Fri Jan 31 2025, 4.186135221222515
20:00, Fri Jan 31 2025, 4.190321356443738
21:00, Fri Jan 31 2025, 4.194511677800181
22:00, Fri Jan 31 2025, 4.1987061894779805
23:00, Fri Jan 31 2025, 4.202904895667458
00:00, Sat Feb 01 2025, 4.207107800563125
01:00, Sat Feb 01 2025, 4.211314908363687
02:00, Sat Feb 01 2025, 4.21552622327205
03:00, Sat Feb 01 2025, 4.219741749495322
04:00, Sat Feb 01 2025, 4.2239614912448165
05:00, Sat Feb 01 2025, 4.228185452736061
06:00, Sat Feb 01 2025, 4.232413638188796
07:00, Sat Feb 01 2025, 4.236646051826985
08:00, Sat Feb 01 2025, 4.240882697878812
09:00, Sat Feb 01 2025, 4.24512358057669
10:00, Sat Feb 01 2025, 4.249368704157266
11:00, Sat Feb 01 2025, 4.253618072861423
12:00, Sat Feb 01 2025, 4.257871690934284
13:00, Sat Feb 01 2025, 4.262129562625217
14:00, Sat Feb 01 2025, 4.266391692187842
15:00, Sat Feb 01 2025, 4.270658083880029
16:00, Sat Feb 01 2025, 4.274928741963909
17:00, Sat Feb 01 2025, 4.279203670705872
18:00, Sat Feb 01 2025, 4.283482874376578
19:00, Sat Feb 01 2025, 4.287766357250954
20:00, Sat Feb 01 2025, 4.292054123608204
21:00, Sat Feb 01 2025, 4.296346177731811
22:00, Sat Feb 01 2025, 4.300642523909542
23:00, Sat Feb 01 2025, 4.304943166433452
00:00, Sun Feb 02 2025, 4.309248109599885
01:00, Sun Feb 02 2025, 4.313557357709485
02:00, Sun Feb 02 2025, 4.317870915067194
03:00, Sun Feb 02 2025, 4.32218878598226
04:00, Sun Feb 02 2025, 4.326510974768242
05:00, Sun Feb 02 2025, 4.33083748574301
06:00, Sun Feb 02 2025, 4.335168323228753
07:00, Sun Feb 02 2025, 4.339503491551981
08:00, Sun Feb 02 2025, 4.343842995043532
09:00, Sun Feb 02 2025, 4.3481868380385755
10:00, Sun Feb 02 2025, 4.352535024876613
11:00, Sun Feb 02 2025, 4.356887559901489
12:00, Sun Feb 02 2025, 4.36124444746139
13:00, Sun Feb 02 2025, 4.365605691908851
14:00, Sun Feb 02 2025, 4.369971297600759
15:00, Sun Feb 02 2025, 4.374341268898359
16:00, Sun Feb 02 2025, 4.378715610167257
17:00, Sun Feb 02 2025, 4.3830943257774235
18:00, Sun Feb 02 2025, 4.387477420103201
19:00, Sun Feb 02 2025, 4.391864897523304
20:00, Sun Feb 02 2025, 4.396256762420826
21:00, Sun Feb 02 2025, 4.400653019183246
22:00, Sun Feb 02 2025, 4.405053672202429
23:00, Sun Feb 02 2025, 4.409458725874631
00:00, Mon Feb 03 2025, 4.4138681846005055
01:00, Mon Feb 03 2025, 4.418282052785106
02:00, Mon Feb 03 2025, 4.422700334837891
03:00, Mon Feb 03 2025, 4.427123035172728
04:00, Mon Feb 03 2025, 4.4315501582079
05:00, Mon Feb 03 2025, 4.435981708366107
06:00, Mon Feb 03 2025, 4.440417690074472
07:00, Mon Feb 03 2025, 4.444858107764547
08:00, Mon Feb 03 2025, 4.4493029658723104
09:00, Mon Feb 03 2025, 4.4537522688381825
10:00, Mon Feb 03 2025, 4.45820602110702
11:00, Mon Feb 03 2025, 4.462664227128126
12:00, Mon Feb 03 2025, 4.467126891355254
13:00, Mon Feb 03 2025, 4.471594018246609
14:00, Mon Feb 03 2025, 4.476065612264855
15:00, Mon Feb 03 2025, 4.480541677877119
16:00, Mon Feb 03 2025, 4.485022219554996
17:00, Mon Feb 03 2025, 4.489507241774551
18:00, Mon Feb 03 2025, 4.4939967490163255
19:00, Mon Feb 03 2025, 4.498490745765341
20:00, Mon Feb 03 2025, 4.502989236511106
21:00, Mon Feb 03 2025, 4.507492225747617
22:00, Mon Feb 03 2025, 4.511999717973365
23:00, Mon Feb 03 2025, 4.516511717691338
00:00, Tue Feb 04 2025, 4.521028229409029
01:00, Tue Feb 04 2025, 4.5255492576384375
02:00, Tue Feb 04 2025, 4.530074806896075
03:00, Tue Feb 04 2025, 4.534604881702971
04:00, Tue Feb 04 2025, 4.5391394865846735
05:00, Tue Feb 04 2025, 4.543678626071258
06:00, Tue Feb 04 2025, 4.548222304697329
07:00, Tue Feb 04 2025, 4.552770527002026
08:00, Tue Feb 04 2025, 4.557323297529027
09:00, Tue Feb 04 2025, 4.561880620826556
10:00, Tue Feb 04 2025, 4.566442501447382
11:00, Tue Feb 04 2025, 4.571008943948828
12:00, Tue Feb 04 2025, 4.5755799528927765
13:00, Tue Feb 04 2025, 4.5801555328456685
14:00, Tue Feb 04 2025, 4.5847356883785135
15:00, Tue Feb 04 2025, 4.589320424066892
16:00, Tue Feb 04 2025, 4.593909744490958
17:00, Tue Feb 04 2025, 4.598503654235448
18:00, Tue Feb 04 2025, 4.603102157889683
19:00, Tue Feb 04 2025, 4.607705260047573
20:00, Tue Feb 04 2025, 4.61231296530762
21:00, Tue Feb 04 2025, 4.616925278272927
22:00, Tue Feb 04 2025, 4.621542203551199
23:00, Tue Feb 04 2025, 4.6261637457547495
00:00, Wed Feb 05 2025, 4.630789909500503
01:00, Wed Feb 05 2025, 4.635420699410004
02:00, Wed Feb 05 2025, 4.6400561201094135
03:00, Wed Feb 05 2025, 4.644696176229522
04:00, Wed Feb 05 2025, 4.649340872405752
05:00, Wed Feb 05 2025, 4.653990213278157
06:00, Wed Feb 05 2025, 4.658644203491435
07:00, Wed Feb 05 2025, 4.663302847694926
08:00, Wed Feb 05 2025, 4.66796615054262
09:00, Wed Feb 05 2025, 4.672634116693162
10:00, Wed Feb 05 2025, 4.677306750809855
11:00, Wed Feb 05 2025, 4.681984057560665
12:00, Wed Feb 05 2025, 4.686666041618225
13:00, Wed Feb 05 2025, 4.691352707659843
14:00, Wed Feb 05 2025, 4.696044060367503
15:00, Wed Feb 05 2025, 4.70074010442787
16:00, Wed Feb 05 2025, 4.705440844532297
17:00, Wed Feb 05 2025, 4.710146285376829
18:00, Wed Feb 05 2025, 4.714856431662205
19:00, Wed Feb 05 2025, 4.719571288093866
20:00, Wed Feb 05 2025, 4.724290859381959
21:00, Wed Feb 05 2025, 4.729015150241341
22:00, Wed Feb 05 2025, 4.733744165391581
23:00, Wed Feb 05 2025, 4.7384779095569725
00:00, Thu Feb 06 2025, 4.7432163874665285
01:00, Thu Feb 06 2025, 4.747959603853994
02:00, Thu Feb 06 2025, 4.7527075634578475
03:00, Thu Feb 06 2025, 4.757460271021305
04:00, Thu Feb 06 2025, 4.762217731292326
05:00, Thu Feb 06 2025, 4.766979949023618
06:00, Thu Feb 06 2025, 4.771746928972641
07:00, Thu Feb 06 2025, 4.776518675901613
08:00, Thu Feb 06 2025, 4.781295194577514
09:00, Thu Feb 06 2025, 4.786076489772091
10:00, Thu Feb 06 2025, 4.790862566261862
11:00, Thu Feb 06 2025, 4.795653428828123
12:00, Thu Feb 06 2025, 4.80044908225695
13:00, Thu Feb 06 2025, 4.805249531339206
14:00, Thu Feb 06 2025, 4.810054780870545
15:00, Thu Feb 06 2025, 4.814864835651415
16:00, Thu Feb 06 2025, 4.8196797004870655
17:00, Thu Feb 06 2025, 4.824499380187552
18:00, Thu Feb 06 2025, 4.829323879567739
19:00, Thu Feb 06 2025, 4.834153203447307
20:00, Thu Feb 06 2025, 4.838987356650754
21:00, Thu Feb 06 2025, 4.843826344007404
22:00, Thu Feb 06 2025, 4.848670170351411
23:00, Thu Feb 06 2025, 4.853518840521762
00:00, Fri Feb 07 2025, 4.858372359362283
01:00, Fri Feb 07 2025, 4.863230731721645
02:00, Fri Feb 07 2025, 4.868093962453366
03:00, Fri Feb 07 2025, 4.872962056415819
04:00, Fri Feb 07 2025, 4.8778350184722346
05:00, Fri Feb 07 2025, 4.882712853490706
06:00, Fri Feb 07 2025, 4.887595566344197
07:00, Fri Feb 07 2025, 4.8924831619105404
08:00, Fri Feb 07 2025, 4.897375645072451
09:00, Fri Feb 07 2025, 4.902273020717523
10:00, Fri Feb 07 2025, 4.90717529373824
11:00, Fri Feb 07 2025, 4.9120824690319775
12:00, Fri Feb 07 2025, 4.916994551501009
13:00, Fri Feb 07 2025, 4.92191154605251
14:00, Fri Feb 07 2025, 4.926833457598562
15:00, Fri Feb 07 2025, 4.93176029105616
16:00, Fri Feb 07 2025, 4.936692051347216
17:00, Fri Feb 07 2025, 4.941628743398563
18:00, Fri Feb 07 2025, 4.946570372141961
19:00, Fri Feb 07 2025, 4.951516942514103
20:00, Fri Feb 07 2025, 4.956468459456617
21:00, Fri Feb 07 2025, 4.961424927916073
22:00, Fri Feb 07 2025, 4.966386352843989
23:00, Fri Feb 07 2025, 4.971352739196832
00:00, Sat Feb 08 2025, 4.9763240919360285
01:00, Sat Feb 08 2025, 4.981300416027964
02:00, Sat Feb 08 2025, 4.986281716443991
03:00, Sat Feb 08 2025, 4.991267998160435
04:00, Sat Feb 08 2025, 4.996259266158595
05:00, Sat Feb 08 2025, 5.001255525424753
06:00, Sat Feb 08 2025, 5.006256780950177
07:00, Sat Feb 08 2025, 5.011263037731126
08:00, Sat Feb 08 2025, 5.016274300768857
09:00, Sat Feb 08 2025, 5.021290575069625
10:00, Sat Feb 08 2025, 5.026311865644694
11:00, Sat Feb 08 2025, 5.031338177510339
12:00, Sat Feb 08 2025, 5.0363695156878485
13:00, Sat Feb 08 2025, 5.0414058852035355
14:00, Sat Feb 08 2025, 5.046447291088739
15:00, Sat Feb 08 2025, 5.051493738379826
16:00, Sat Feb 08 2025, 5.056545232118205
17:00, Sat Feb 08 2025, 5.061601777350323
18:00, Sat Feb 08 2025, 5.066663379127673
19:00, Sat Feb 08 2025, 5.0717300425068
20:00, Sat Feb 08 2025, 5.076801772549307
21:00, Sat Feb 08 2025, 5.0818785743218555
22:00, Sat Feb 08 2025, 5.086960452896177
23:00, Sat Feb 08 2025, 5.092047413349072
00:00, Sun Feb 09 2025, 5.0971394607624205
01:00, Sun Feb 09 2025, 5.102236600223183
02:00, Sun Feb 09 2025, 5.107338836823406
03:00, Sun Feb 09 2025, 5.112446175660229
04:00, Sun Feb 09 2025, 5.117558621835888
05:00, Sun Feb 09 2025, 5.122676180457724
06:00, Sun Feb 09 2025, 5.127798856638181
07:00, Sun Feb 09 2025, 5.132926655494819
08:00, Sun Feb 09 2025, 5.138059582150313
09:00, Sun Feb 09 2025, 5.1431976417324625
10:00, Sun Feb 09 2025, 5.148340839374194
11:00, Sun Feb 09 2025, 5.153489180213568
12:00, Sun Feb 09 2025, 5.158642669393781
13:00, Sun Feb 09 2025, 5.163801312063174
14:00, Sun Feb 09 2025, 5.168965113375236
15:00, Sun Feb 09 2025, 5.174134078488611
16:00, Sun Feb 09 2025, 5.179308212567099
17:00, Sun Feb 09 2025, 5.1844875207796655
18:00, Sun Feb 09 2025, 5.189672008300445
19:00, Sun Feb 09 2025, 5.194861680308745
20:00, Sun Feb 09 2025, 5.200056541989053
21:00, Sun Feb 09 2025, 5.205256598531041
22:00, Sun Feb 09 2025, 5.210461855129571
23:00, Sun Feb 09 2025, 5.2156723169847
00:00, Mon Feb 10 2025, 5.220887989301684
01:00, Mon Feb 10 2025, 5.226108877290986
02:00, Mon Feb 10 2025, 5.231334986168276
03:00, Mon Feb 10 2025, 5.236566321154444
04:00, Mon Feb 10 2025, 5.241802887475598
05:00, Mon Feb 10 2025, 5.247044690363073
06:00, Mon Feb 10 2025, 5.2522917350534355
07:00, Mon Feb 10 2025, 5.257544026788488
08:00, Mon Feb 10 2025, 5.262801570815276
09:00, Mon Feb 10 2025, 5.268064372386091
10:00, Mon Feb 10 2025, 5.273332436758476
11:00, Mon Feb 10 2025, 5.278605769195234
12:00, Mon Feb 10 2025, 5.283884374964429
13:00, Mon Feb 10 2025, 5.289168259339393
14:00, Mon Feb 10 2025, 5.294457427598732
15:00, Mon Feb 10 2025, 5.29975188502633
16:00, Mon Feb 10 2025, 5.305051636911356
17:00, Mon Feb 10 2025, 5.310356688548267
18:00, Mon Feb 10 2025, 5.315667045236815
19:00, Mon Feb 10 2025, 5.320982712282051
20:00, Mon Feb 10 2025, 5.3263036949943325
21:00, Mon Feb 10 2025, 5.331629998689326
22:00, Mon Feb 10 2025, 5.336961628688015
23:00, Mon Feb 10 2025, 5.342298590316703
00:00, Tue Feb 11 2025, 5.347640888907018
01:00, Tue Feb 11 2025, 5.352988529795925
02:00, Tue Feb 11 2025, 5.35834151832572
03:00, Tue Feb 11 2025, 5.363699859844045
04:00, Tue Feb 11 2025, 5.369063559703889
05:00, Tue Feb 11 2025, 5.374432623263592
06:00, Tue Feb 11 2025, 5.379807055886856
07:00, Tue Feb 11 2025, 5.385186862942742
08:00, Tue Feb 11 2025, 5.390572049805685
09:00, Tue Feb 11 2025, 5.39596262185549
10:00, Tue Feb 11 2025, 5.401358584477345
11:00, Tue Feb 11 2025, 5.406759943061822
12:00, Tue Feb 11 2025, 5.412166703004883
13:00, Tue Feb 11 2025, 5.417578869707887
14:00, Tue Feb 11 2025, 5.422996448577594
15:00, Tue Feb 11 2025, 5.428419445026171
16:00, Tue Feb 11 2025, 5.433847864471197
17:00, Tue Feb 11 2025, 5.439281712335667
18:00, Tue Feb 11 2025, 5.444720994048002
19:00, Tue Feb 11 2025, 5.45016571504205
20:00, Tue Feb 11 2025, 5.455615880757091
21:00, Tue Feb 11 2025, 5.461071496637848
22:00, Tue Feb 11 2025, 5.466532568134485
23:00, Tue Feb 11 2025, 5.471999100702619
00:00, Wed Feb 12 2025, 5.477471099803321
01:00, Wed Feb 12 2025, 5.482948570903123
02:00, Wed Feb 12 2025, 5.488431519474026
03:00, Wed Feb 12 2025, 5.493919950993499
04:00, Wed Feb 12 2025, 5.499413870944492
05:00, Wed Feb 12 2025, 5.504913284815436
06:00, Wed Feb 12 2025, 5.510418198100251
07:00, Wed Feb 12 2025, 5.515928616298351
08:00, Wed Feb 12 2025, 5.521444544914648
09:00, Wed Feb 12 2025, 5.526965989459562
10:00, Wed Feb 12 2025, 5.532492955449021
11:00, Wed Feb 12 2025, 5.538025448404469
12:00, Wed Feb 12 2025, 5.543563473852873
13:00, Wed Feb 12 2025, 5.549107037326725
14:00, Wed Feb 12 2025, 5.554656144364051
15:00, Wed Feb 12 2025, 5.560210800508415
16:00, Wed Feb 12 2025, 5.5657710113089225
17:00, Wed Feb 12 2025, 5.57133678232023
18:00, Wed Feb 12 2025, 5.5769081191025505
19:00, Wed Feb 12 2025, 5.582485027221653
20:00, Wed Feb 12 2025, 5.588067512248874
21:00, Wed Feb 12 2025, 5.593655579761123
22:00, Wed Feb 12 2025, 5.599249235340883
23:00, Wed Feb 12 2025, 5.604848484576223
00:00, Thu Feb 13 2025, 5.610453333060799
01:00, Thu Feb 13 2025, 5.616063786393859
02:00, Thu Feb 13 2025, 5.621679850180252
03:00, Thu Feb 13 2025, 5.627301530030431
04:00, Thu Feb 13 2025, 5.632928831560461
05:00, Thu Feb 13 2025, 5.638561760392021
06:00, Thu Feb 13 2025, 5.644200322152412
07:00, Thu Feb 13 2025, 5.649844522474564
08:00, Thu Feb 13 2025, 5.655494366997038
09:00, Thu Feb 13 2025, 5.661149861364034
10:00, Thu Feb 13 2025, 5.6668110112253975
11:00, Thu Feb 13 2025, 5.672477822236623
12:00, Thu Feb 13 2025, 5.678150300058858
13:00, Thu Feb 13 2025, 5.6838284503589165
14:00, Thu Feb 13 2025, 5.689512278809275
15:00, Thu Feb 13 2025, 5.695201791088084
16:00, Thu Feb 13 2025, 5.700896992879171
17:00, Thu Feb 13 2025, 5.706597889872049
18:00, Thu Feb 13 2025, 5.712304487761921
19:00, Thu Feb 13 2025, 5.718016792249682
20:00, Thu Feb 13 2025, 5.7237348090419315
21:00, Thu Feb 13 2025, 5.729458543850972
22:00, Thu Feb 13 2025, 5.735188002394823
23:00, Thu Feb 13 2025, 5.7409231903972175
00:00, Fri Feb 14 2025, 5.746664113587614
01:00, Fri Feb 14 2025, 5.752410777701201
02:00, Fri Feb 14 2025, 5.7581631884789015
03:00, Fri Feb 14 2025, 5.7639213516673795
04:00, Fri Feb 14 2025, 5.769685273019046
05:00, Fri Feb 14 2025, 5.775454958292065
06:00, Fri Feb 14 2025, 5.7812304132503565
07:00, Fri Feb 14 2025, 5.7870116436636065
08:00, Fri Feb 14 2025, 5.792798655307269
09:00, Fri Feb 14 2025, 5.798591453962576
10:00, Fri Feb 14 2025, 5.804390045416538
11:00, Fri Feb 14 2025, 5.810194435461954
12:00, Fri Feb 14 2025, 5.816004629897415
13:00, Fri Feb 14 2025, 5.821820634527311
14:00, Fri Feb 14 2025, 5.827642455161838
15:00, Fri Feb 14 2025, 5.833470097616999
16:00, Fri Feb 14 2025, 5.839303567714615
17:00, Fri Feb 14 2025, 5.845142871282329
18:00, Fri Feb 14 2025, 5.850988014153611
19:00, Fri Feb 14 2025, 5.856839002167764
20:00, Fri Feb 14 2025, 5.862695841169931
21:00, Fri Feb 14 2025, 5.8685585370111
22:00, Fri Feb 14 2025, 5.874427095548111
23:00, Fri Feb 14 2025, 5.880301522643658
00:00, Sat Feb 15 2025, 5.886181824166301
01:00, Sat Feb 15 2025, 5.892068005990467
02:00, Sat Feb 15 2025, 5.897960073996456
03:00, Sat Feb 15 2025, 5.903858034070452
04:00, Sat Feb 15 2025, 5.909761892104521
05:00, Sat Feb 15 2025, 5.915671653996625
06:00, Sat Feb 15 2025, 5.921587325650622
07:00, Sat Feb 15 2025, 5.927508912976272
08:00, Sat Feb 15 2025, 5.9334364218892475
09:00, Sat Feb 15 2025, 5.939369858311136
10:00, Sat Feb 15 2025, 5.945309228169447
11:00, Sat Feb 15 2025, 5.951254537397616
12:00, Sat Feb 15 2025, 5.957205791935013
13:00, Sat Feb 15 2025, 5.963162997726947
14:00, Sat Feb 15 2025, 5.969126160724673
15:00, Sat Feb 15 2025, 5.975095286885397
16:00, Sat Feb 15 2025, 5.981070382172281
17:00, Sat Feb 15 2025, 5.987051452554453
18:00, Sat Feb 15 2025, 5.993038504007006
19:00, Sat Feb 15 2025, 5.999031542511013
20:00, Sat Feb 15 2025, 6.005030574053523
21:00, Sat Feb 15 2025, 6.011035604627575
22:00, Sat Feb 15 2025, 6.017046640232202
23:00, Sat Feb 15 2025, 6.023063686872433
00:00, Sun Feb 16 2025, 6.029086750559305
01:00, Sun Feb 16 2025, 6.0351158373098635
02:00, Sun Feb 16 2025, 6.041150953147173
03:00, Sun Feb 16 2025, 6.047192104100319
04:00, Sun Feb 16 2025, 6.053239296204419
05:00, Sun Feb 16 2025, 6.059292535500623
06:00, Sun Feb 16 2025, 6.065351828036123
07:00, Sun Feb 16 2025, 6.0714171798641585
08:00, Sun Feb 16 2025, 6.077488597044022
09:00, Sun Feb 16 2025, 6.083566085641065
10:00, Sun Feb 16 2025, 6.089649651726705
11:00, Sun Feb 16 2025, 6.095739301378432
12:00, Sun Feb 16 2025, 6.101835040679809
13:00, Sun Feb 16 2025, 6.107936875720489
14:00, Sun Feb 16 2025, 6.114044812596209
15:00, Sun Feb 16 2025, 6.120158857408804
16:00, Sun Feb 16 2025, 6.126279016266213
17:00, Sun Feb 16 2025, 6.132405295282478
18:00, Sun Feb 16 2025, 6.13853770057776
19:00, Sun Feb 16 2025, 6.144676238278337
20:00, Sun Feb 16 2025, 6.150820914516615
21:00, Sun Feb 16 2025, 6.156971735431131
22:00, Sun Feb 16 2025, 6.163128707166561
23:00, Sun Feb 16 2025, 6.169291835873727
00:00, Mon Feb 17 2025, 6.1754611277096
01:00, Mon Feb 17 2025, 6.181636588837309
02:00, Mon Feb 17 2025, 6.187818225426145
03:00, Mon Feb 17 2025, 6.194006043651571
04:00, Mon Feb 17 2025, 6.200200049695222
05:00, Mon Feb 17 2025, 6.206400249744917
06:00, Mon Feb 17 2025, 6.212606649994661
07:00, Mon Feb 17 2025, 6.218819256644655
08:00, Mon Feb 17 2025, 6.225038075901299
09:00, Mon Feb 17 2025, 6.2312631139771995
10:00, Mon Feb 17 2025, 6.237494377091176
11:00, Mon Feb 17 2025, 6.243731871468267
12:00, Mon Feb 17 2025, 6.249975603339735
13:00, Mon Feb 17 2025, 6.256225578943074
14:00, Mon Feb 17 2025, 6.262481804522016
15:00, Mon Feb 17 2025, 6.2687442863265375
16:00, Mon Feb 17 2025, 6.275013030612864
17:00, Mon Feb 17 2025, 6.2812880436434755
18:00, Mon Feb 17 2025, 6.287569331687118
19:00, Mon Feb 17 2025, 6.293856901018804
20:00, Mon Feb 17 2025, 6.300150757919822
21:00, Mon Feb 17 2025, 6.306450908677742
22:00, Mon Feb 17 2025, 6.312757359586419
23:00, Mon Feb 17 2025, 6.319070116946005
00:00, Tue Feb 18 2025, 6.32538918706295
01:00, Tue Feb 18 2025, 6.331714576250013
02:00, Tue Feb 18 2025, 6.338046290826262
03:00, Tue Feb 18 2025, 6.344384337117088
04:00, Tue Feb 18 2025, 6.350728721454204
05:00, Tue Feb 18 2025, 6.357079450175657
06:00, Tue Feb 18 2025, 6.363436529625832
07:00, Tue Feb 18 2025, 6.369799966155457
08:00, Tue Feb 18 2025, 6.376169766121612
09:00, Tue Feb 18 2025, 6.382545935887733
10:00, Tue Feb 18 2025, 6.38892848182362
11:00, Tue Feb 18 2025, 6.395317410305443
12:00, Tue Feb 18 2025, 6.401712727715748
13:00, Tue Feb 18 2025, 6.408114440443463
14:00, Tue Feb 18 2025, 6.414522554883906
15:00, Tue Feb 18 2025, 6.420937077438789
16:00, Tue Feb 18 2025, 6.427358014516227
17:00, Tue Feb 18 2025, 6.433785372530743
18:00, Tue Feb 18 2025, 6.440219157903273
19:00, Tue Feb 18 2025, 6.4466593770611755
20:00, Tue Feb 18 2025, 6.453106036438236
21:00, Tue Feb 18 2025, 6.459559142474674
22:00, Tue Feb 18 2025, 6.466018701617148
23:00, Tue Feb 18 2025, 6.472484720318765
