00:00, Wed Jan 01 2025, 0
01:00, Wed Jan 01 2025, 0.0500073314178735
02:00, Wed Jan 01 2025, -0.17878050194121897
03:00, Wed Jan 01 2025, -0.22882252745330334
04:00, Wed Jan 01 2025, 0.03775532892905176
05:00, Wed Jan 01 2025, 0.14959819125942886
06:00, Wed Jan 01 2025, -0.3458723374642432
07:00, Wed Jan 01 2025, -0.36120078223757446
08:00, Wed Jan 01 2025, 0.16584344767034054
09:00, Wed Jan 01 2025, 0.484415405895561
10:00, Wed Jan 01 2025, -0.2563182422891259
11:00, Wed Jan 01 2025, 0.007942571537569165
12:00, Wed Jan 01 2025, 0.4557788053061813
13:00, Wed Jan 01 2025, -0.20220044255256653
14:00, Wed Jan 01 2025, -1.0556955782230943
15:00, Wed Jan 01 2025, -1.4887509767431766
16:00, Wed Jan 01 2025, -1.7989979670383036
17:00, Wed Jan 01 2025, -1.9868005700409412
18:00, Wed Jan 01 2025, -1.956813135650009
19:00, Wed Jan 01 2025, -2.3261749593075365
20:00, Wed Jan 01 2025, -1.8027713163755834
21:00, Wed Jan 01 2025, -0.9061209431383759
22:00, Wed Jan 01 2025, -1.7683140605222434
23:00, Wed Jan 01 2025, -2.4921620048116893
00:00, Thu Jan 02 2025, -1.6496748474892229
01:00, Thu Jan 02 2025, -0.8795582097955048
02:00, Thu Jan 02 2025, -0.8365546825807542
03:00, Thu Jan 02 2025, -0.3422280752565712
04:00, Thu Jan 02 2025, 0.40160755533725023
05:00, Thu Jan 02 2025, 0.6417186635080725
06:00, Thu Jan 02 2025, 0.8103179694153368
07:00, Thu Jan 02 2025, 0.9524661307223141
08:00, Thu Jan 02 2025, 1.2175273280590773
09:00, Thu Jan 02 2025, 0.9684251321014017
10:00, Thu Jan 02 2025, 1.933090242324397
11:00, Thu Jan 02 2025, 1.9174270620569587
12:00, Thu Jan 02 2025, 1.4191909574437886
13:00, Thu Jan 02 2025, 1.5560112975072116
14:00, Thu Jan 02 2025, 1.8842152475845069
15:00, Thu Jan 02 2025, 2.4390889334026724
16:00, Thu Jan 02 2025, 2.471516569145024
17:00, Thu Jan 02 2025, 2.039057080168277
18:00, Thu Jan 02 2025, 1.672465278301388
19:00, Thu Jan 02 2025, 1.3260502114426345
20:00, Thu Jan 02 2025, 0.8397732723969966
21:00, Thu Jan 02 2025, 0.7356622219085693
22:00, Thu Jan 02 2025, -0.23563535744324327
23:00, Thu Jan 02 2025, -0.012779251905158162
00:00, Fri Jan 03 2025, -0.4001131628174335
01:00, Fri Jan 03 2025, -1.1680425549857318
02:00, Fri Jan 03 2025, -0.4977227116469294
03:00, Fri Jan 03 2025, -0.5050042737275362
04:00, Fri Jan 03 2025, 0.367869472829625
05:00, Fri Jan 03 2025, -0.3639902120921761
06:00, Fri Jan 03 2025, -0.3923390519339591
07:00, Fri Jan 03 2025, -0.9050346671137959
08:00, Fri Jan 03 2025, -0.2641491102986038
09:00, Fri Jan 03 2025, -0.5501548456959426
10:00, Fri Jan 03 2025, -0.9181432630866766
11:00, Fri Jan 03 2025, -0.9905793212819844
12:00, Fri Jan 03 2025, -0.7263034484349191
13:00, Fri Jan 03 2025, -1.4160418156534433
14:00, Fri Jan 03 2025, -2.080763151636347
15:00, Fri Jan 03 2025, -2.563080861698836
16:00, Fri Jan 03 2025, -3.4949735805857927
17:00, Fri Jan 03 2025, -2.5786685971543193
18:00, Fri Jan 03 2025, -2.761415177490562
19:00, Fri Jan 03 2025, -3.6805615038610995
20:00, Fri Jan 03 2025, -2.9478326144162565
21:00, Fri Jan 03 2025, -3.605060284724459
22:00, Fri Jan 03 2025, -3.5769406664185226
23:00, Fri Jan 03 2025, -3.4720185676123947
00:00, Sat Jan 04 2025, -4.180453301174566
01:00, Sat Jan 04 2025, -3.302232224494219
02:00, Sat Jan 04 2025, -3.5570364196319133
03:00, Sat Jan 04 2025, -3.3395652554463595
04:00, Sat Jan 04 2025, -4.09769487567246
05:00, Sat Jan 04 2025, -4.1834967692848295
06:00, Sat Jan 04 2025, -3.4568683500401676
07:00, Sat Jan 04 2025, -2.6499348268844187
08:00, Sat Jan 04 2025, -2.2444185568019748
09:00, Sat Jan 04 2025, -1.4293604020494968
10:00, Sat Jan 04 2025, -1.6455090965609998
11:00, Sat Jan 04 2025, -2.095460234908387
12:00, Sat Jan 04 2025, -1.6404495304450393
13:00, Sat Jan 04 2025, -2.102799531305209
14:00, Sat Jan 04 2025, -1.6439014300704002
15:00, Sat Jan 04 2025, -0.9353369469754398
16:00, Sat Jan 04 2025, -0.2690974655561149
17:00, Sat Jan 04 2025, 0.15957078337669373
18:00, Sat Jan 04 2025, -0.5378575462382287
19:00, Sat Jan 04 2025, -1.1836235930677503
20:00, Sat Jan 04 2025, -0.5582243495155126
21:00, Sat Jan 04 2025, -0.02167988126166165
22:00, Sat Jan 04 2025, -0.6069839841220528
23:00, Sat Jan 04 2025, 0.2709968760609627
00:00, Sun Jan 05 2025, 0.6910073130857199
01:00, Sun Jan 05 2025, 0.07316900719888508
02:00, Sun Jan 05 2025, -0.13424975634552538
03:00, Sun Jan 05 2025, -0.3675544604193419
04:00, Sun Jan 05 2025, -0.45818631001748145
05:00, Sun Jan 05 2025, 0.06449618586339056
06:00, Sun Jan 05 2025, 0.2920708837918937
07:00, Sun Jan 05 2025, 0.7957770610228181
08:00, Sun Jan 05 2025, 0.3854322761762887
09:00, Sun Jan 05 2025, 1.3349033503327519
10:00, Sun Jan 05 2025, 0.7261467608623207
11:00, Sun Jan 05 2025, 1.0369628155604005
12:00, Sun Jan 05 2025, 1.6832318119704723
13:00, Sun Jan 05 2025, 0.8161550741642714
14:00, Sun Jan 05 2025, 0.9634367811959237
15:00, Sun Jan 05 2025, 1.0270998794585466
16:00, Sun Jan 05 2025, 1.4286537924781442
17:00, Sun Jan 05 2025, 0.4340131103526801
18:00, Sun Jan 05 2025, -0.26669976068660617
19:00, Sun Jan 05 2025, -0.6116912025026977
20:00, Sun Jan 05 2025, -0.10352872335352004
21:00, Sun Jan 05 2025, -0.915554003091529
22:00, Sun Jan 05 2025, -1.741347699193284
23:00, Sun Jan 05 2025, -2.6489764673169702
00:00, Mon Jan 06 2025, -1.7446474928874522
01:00, Mon Jan 06 2025, -0.8128515719436109
02:00, Mon Jan 06 2025, -1.2810750622302294
03:00, Mon Jan 06 2025, -2.2305987246800214
04:00, Mon Jan 06 2025, -1.5870326622389257
05:00, Mon Jan 06 2025, -1.6750918622128665
06:00, Mon Jan 06 2025, -2.464361327700317
07:00, Mon Jan 06 2025, -2.033702722284943
08:00, Mon Jan 06 2025, -2.5419032687786967
09:00, Mon Jan 06 2025, -2.2337695914320648
10:00, Mon Jan 06 2025, -3.063065098132938
11:00, Mon Jan 06 2025, -2.9352279792074114
12:00, Mon Jan 06 2025, -3.4118236789945513
13:00, Mon Jan 06 2025, -2.6140922617632896
14:00, Mon Jan 06 2025, -1.7956674313172698
15:00, Mon Jan 06 2025, -1.1530964514240623
16:00, Mon Jan 06 2025, -1.6583778255153447
17:00, Mon Jan 06 2025, -1.4775051530450583
18:00, Mon Jan 06 2025, -0.5274865715764463
19:00, Mon Jan 06 2025, 0.1712616505101323
20:00, Mon Jan 06 2025, 0.6956294528208673
21:00, Mon Jan 06 2025, 0.5156596500892192
22:00, Mon Jan 06 2025, -0.0524549069814384
23:00, Mon Jan 06 2025, 0.4296539619099349
00:00, Tue Jan 07 2025, -0.06349886092357337
01:00, Tue Jan 07 2025, 0.42853710264898837
02:00, Tue Jan 07 2025, 1.2304606714751571
03:00, Tue Jan 07 2025, 1.6409150373656303
04:00, Tue Jan 07 2025, 1.6883841659873724
05:00, Tue Jan 07 2025, 1.7908943565562367
06:00, Tue Jan 07 2025, 2.1143627404235303
07:00, Tue Jan 07 2025, 1.5616445331834257
08:00, Tue Jan 07 2025, 2.2615348889958113
09:00, Tue Jan 07 2025, 2.837513090344146
10:00, Tue Jan 07 2025, 2.3945133888628334
11:00, Tue Jan 07 2025, 2.5948042683303356
12:00, Tue Jan 07 2025, 3.50078287278302
13:00, Tue Jan 07 2025, 3.9537573317065835
14:00, Tue Jan 07 2025, 3.7539060518611223
15:00, Tue Jan 07 2025, 4.521869177231565
16:00, Tue Jan 07 2025, 5
17:00, Tue Jan 07 2025, 5
18:00, Tue Jan 07 2025, 5
19:00, Tue Jan 07 2025, 4.57719415333122
20:00, Tue Jan 07 2025, 4.008105024462566
21:00, Tue Jan 07 2025, 4.172940871911123
22:00, Tue Jan 07 2025, 4.112171203829348
23:00, Tue Jan 07 2025, 3.6014558621682227
00:00, Wed Jan 08 2025, 2.7780685145407915
01:00, Wed Jan 08 2025, 1.8555571241304278
02:00, Wed Jan 08 2025, 2.499478751560673
03:00, Wed Jan 08 2025, 2.846307541942224
04:00, Wed Jan 08 2025, 3.5915809797588736
05:00, Wed Jan 08 2025, 3.2048645152244717
06:00, Wed Jan 08 2025, 3.777766509912908
07:00, Wed Jan 08 2025, 2.856243041343987
08:00, Wed Jan 08 2025, 2.28758689831011
09:00, Wed Jan 08 2025, 1.8422020410653204
10:00, Wed Jan 08 2025, 1.4927437196020037
11:00, Wed Jan 08 2025, 1.615878333337605
12:00, Wed Jan 08 2025, 1.4270097371190786
13:00, Wed Jan 08 2025, 1.2479197606444359
14:00, Wed Jan 08 2025, 2.148730968590826
15:00, Wed Jan 08 2025, 1.1677164717111737
16:00, Wed Jan 08 2025, 0.2140767874661833
17:00, Wed Jan 08 2025, 0.8516481481492519
18:00, Wed Jan 08 2025, 1.621039190562442
19:00, Wed Jan 08 2025, 1.2626056117005646
20:00, Wed Jan 08 2025, 1.9064146319869906
21:00, Wed Jan 08 2025, 1.1897939110640436
22:00, Wed Jan 08 2025, 1.4863940693903714
23:00, Wed Jan 08 2025, 0.9829087296966463
00:00, Thu Jan 09 2025, 1.2044298078399152
01:00, Thu Jan 09 2025, 1.8976089947391301
02:00, Thu Jan 09 2025, 2.2141257936600596
03:00, Thu Jan 09 2025, 2.9515466254670173
04:00, Thu Jan 09 2025, 2.854400997981429
05:00, Thu Jan 09 2025, 2.7530659385956824
06:00, Thu Jan 09 2025, 2.6794847454875708
07:00, Thu Jan 09 2025, 3.3699734674301
08:00, Thu Jan 09 2025, 3.379908136324957
09:00, Thu Jan 09 2025, 3.3765418694820255
10:00, Thu Jan 09 2025, 4.043101282790303
11:00, Thu Jan 09 2025, 4.342536515090615
12:00, Thu Jan 09 2025, 4.487601722823456
13:00, Thu Jan 09 2025, 3.524582057958469
14:00, Thu Jan 09 2025, 2.6910919642541558
15:00, Thu Jan 09 2025, 2.4843540918082
16:00, Thu Jan 09 2025, 3.15355055895634
17:00, Thu Jan 09 2025, 4.146059091202915
18:00, Thu Jan 09 2025, 4.286297557875514
19:00, Thu Jan 09 2025, 4.592809686437249
20:00, Thu Jan 09 2025, 3.604491281788796
21:00, Thu Jan 09 2025, 3.747357507236302
22:00, Thu Jan 09 2025, 3.1305401735007763
23:00, Thu Jan 09 2025, 2.522726869676262
00:00, Fri Jan 10 2025, 3.498044260079041
01:00, Fri Jan 10 2025, 3.0665271680336446
02:00, Fri Jan 10 2025, 3.0390204105060548
03:00, Fri Jan 10 2025, 3.4328230819664896
04:00, Fri Jan 10 2025, 4.385982323437929
05:00, Fri Jan 10 2025, 4.290715551702306
06:00, Fri Jan 10 2025, 5
07:00, Fri Jan 10 2025, 4.09059658809565
08:00, Fri Jan 10 2025, 4.331821693805978
09:00, Fri Jan 10 2025, 4.825554094277322
10:00, Fri Jan 10 2025, 4.254436828196049
11:00, Fri Jan 10 2025, 4.691804398549721
12:00, Fri Jan 10 2025, 4.011194771621376
13:00, Fri Jan 10 2025, 4.230169992661104
14:00, Fri Jan 10 2025, 4.4585524529684335
15:00, Fri Jan 10 2025, 4.3456896943971515
16:00, Fri Jan 10 2025, 4.137193877948448
17:00, Fri Jan 10 2025, 3.5243581200484186
18:00, Fri Jan 10 2025, 3.6023905971087515
19:00, Fri Jan 10 2025, 3.0307543980889022
20:00, Fri Jan 10 2025, 2.61881280480884
21:00, Fri Jan 10 2025, 3.1535384522285312
22:00, Fri Jan 10 2025, 3.574090318288654
23:00, Fri Jan 10 2025, 4.321815624600276
00:00, Sat Jan 11 2025, 3.7972245819400996
01:00, Sat Jan 11 2025, 3.3970136935822666
02:00, Sat Jan 11 2025, 3.6773853104095906
03:00, Sat Jan 11 2025, 3.428943252423778
04:00, Sat Jan 11 2025, 4.388998136390001
05:00, Sat Jan 11 2025, 4.047875190619379
06:00, Sat Jan 11 2025, 4.407014723867178
07:00, Sat Jan 11 2025, 4.197314628167078
08:00, Sat Jan 11 2025, 4.258313577855006
09:00, Sat Jan 11 2025, 4.265080951852724
10:00, Sat Jan 11 2025, 5
11:00, Sat Jan 11 2025, 5
12:00, Sat Jan 11 2025, 4.768397766631097
13:00, Sat Jan 11 2025, 4.268627770477906
14:00, Sat Jan 11 2025, 3.9979334282688797
15:00, Sat Jan 11 2025, 4.706881973426789
16:00, Sat Jan 11 2025, 4.133578836917877
17:00, Sat Jan 11 2025, 4.848947401158512
18:00, Sat Jan 11 2025, 5
19:00, Sat Jan 11 2025, 5
20:00, Sat Jan 11 2025, 4.323121561203152
21:00, Sat Jan 11 2025, 3.9764157626777887
22:00, Sat Jan 11 2025, 4.324300093809143
23:00, Sat Jan 11 2025, 4.7539284757804126
00:00, Sun Jan 12 2025, 5
01:00, Sun Jan 12 2025, 4.656560853589326
02:00, Sun Jan 12 2025, 4.375181215349585
03:00, Sun Jan 12 2025, 4.662021696567535
04:00, Sun Jan 12 2025, 4.536518938606605
05:00, Sun Jan 12 2025, 4.474411993753165
06:00, Sun Jan 12 2025, 4.089489905862138
07:00, Sun Jan 12 2025, 3.4537983844056726
08:00, Sun Jan 12 2025, 3.957691505551338
09:00, Sun Jan 12 2025, 3.4766519614495337
10:00, Sun Jan 12 2025, 4.094825693173334
11:00, Sun Jan 12 2025, 4.005921163130552
12:00, Sun Jan 12 2025, 4.909265015041456
13:00, Sun Jan 12 2025, 4.832507886691019
14:00, Sun Jan 12 2025, 4.092561896657571
15:00, Sun Jan 12 2025, 3.3709151984658092
16:00, Sun Jan 12 2025, 3.397012183209881
17:00, Sun Jan 12 2025, 2.5007187423761934
18:00, Sun Jan 12 2025, 1.7048453700263053
19:00, Sun Jan 12 2025, 1.0631797059904784
20:00, Sun Jan 12 2025, 1.3716130978427827
21:00, Sun Jan 12 2025, 0.5979345252271742
22:00, Sun Jan 12 2025, 1.1913042038213462
23:00, Sun Jan 12 2025, 1.0449223576579243
00:00, Mon Jan 13 2025, 0.6099864849820733
01:00, Mon Jan 13 2025, 0.9417445331346244
02:00, Mon Jan 13 2025, 0.6256397140678018
03:00, Mon Jan 13 2025, 1.3820636286400259
04:00, Mon Jan 13 2025, 2.157974203582853
05:00, Mon Jan 13 2025, 1.6491111975628883
06:00, Mon Jan 13 2025, 1.8247637322638184
07:00, Mon Jan 13 2025, 1.157689668238163
08:00, Mon Jan 13 2025, 1.513366133440286
09:00, Mon Jan 13 2025, 1.0900048236362636
10:00, Mon Jan 13 2025, 0.6937965019606054
11:00, Mon Jan 13 2025, 1.308427692623809
12:00, Mon Jan 13 2025, 0.5918364683166146
13:00, Mon Jan 13 2025, 0.27364313043653965
14:00, Mon Jan 13 2025, 1.1066801683045924
15:00, Mon Jan 13 2025, 1.5940363672561944
16:00, Mon Jan 13 2025, 1.8584677027538419
17:00, Mon Jan 13 2025, 2.762538680806756
18:00, Mon Jan 13 2025, 2.9242969148326665
19:00, Mon Jan 13 2025, 3.086365012684837
20:00, Mon Jan 13 2025, 4.0259191379882395
21:00, Mon Jan 13 2025, 3.411224700976163
22:00, Mon Jan 13 2025, 4.096911064814776
23:00, Mon Jan 13 2025, 3.3271585495676845
00:00, Tue Jan 14 2025, 3.111867676721886
01:00, Tue Jan 14 2025, 2.9220294498372823
02:00, Tue Jan 14 2025, 2.977663802681491
03:00, Tue Jan 14 2025, 3.097410984802991
04:00, Tue Jan 14 2025, 3.7629606740083545
05:00, Tue Jan 14 2025, 4.15217164112255
06:00, Tue Jan 14 2025, 3.4159538289532065
07:00, Tue Jan 14 2025, 3.0292952335439622
08:00, Tue Jan 14 2025, 2.4308828285429627
09:00, Tue Jan 14 2025, 3.2615206229966134
10:00, Tue Jan 14 2025, 3.709701317595318
11:00, Tue Jan 14 2025, 4.045379899907857
12:00, Tue Jan 14 2025, 4.743552646832541
13:00, Tue Jan 14 2025, 5
14:00, Tue Jan 14 2025, 4.194769410882145
15:00, Tue Jan 14 2025, 3.9862160901539028
16:00, Tue Jan 14 2025, 3.085271891206503
17:00, Tue Jan 14 2025, 3.6158798637334257
18:00, Tue Jan 14 2025, 2.822604553308338
19:00, Tue Jan 14 2025, 2.931923559634015
20:00, Tue Jan 14 2025, 3.327144139446318
21:00, Tue Jan 14 2025, 2.6402285012882203
22:00, Tue Jan 14 2025, 2.2273554659914225
23:00, Tue Jan 14 2025, 2.978873688960448
00:00, Wed Jan 15 2025, 3.7985492853913456
01:00, Wed Jan 15 2025, 3.4629086651839316
02:00, Wed Jan 15 2025, 3.756405577296391
03:00, Wed Jan 15 2025, 4.578656003111973
04:00, Wed Jan 15 2025, 5
05:00, Wed Jan 15 2025, 5
06:00, Wed Jan 15 2025, 5
07:00, Wed Jan 15 2025, 4.2435123135801405
08:00, Wed Jan 15 2025, 3.512634275946766
09:00, Wed Jan 15 2025, 3.546266312012449
10:00, Wed Jan 15 2025, 4.136770915240049
11:00, Wed Jan 15 2025, 4.040408508619294
12:00, Wed Jan 15 2025, 3.4373360520694405
13:00, Wed Jan 15 2025, 3.7958548420574516
14:00, Wed Jan 15 2025, 3.5469347294420004
15:00, Wed Jan 15 2025, 4.39215012663044
16:00, Wed Jan 15 2025, 3.884286670247093
17:00, Wed Jan 15 2025, 3.26505195396021
18:00, Wed Jan 15 2025, 3.497475932352245
19:00, Wed Jan 15 2025, 4.463550426997244
20:00, Wed Jan 15 2025, 3.589521300746128
21:00, Wed Jan 15 2025, 3.491659977240488
22:00, Wed Jan 15 2025, 4.139607459073886
23:00, Wed Jan 15 2025, 5
00:00, Thu Jan 16 2025, 5
01:00, Thu Jan 16 2025, 4.81991974869743
02:00, Thu Jan 16 2025, 4.751500002341345
03:00, Thu Jan 16 2025, 5
04:00, Thu Jan 16 2025, 4.946871273452416
05:00, Thu Jan 16 2025, 4.261041725287214
06:00, Thu Jan 16 2025, 3.969717368017882
07:00, Thu Jan 16 2025, 3.4795891838148236
08:00, Thu Jan 16 2025, 2.5394072071649134
09:00, Thu Jan 16 2025, 2.629542210139334
10:00, Thu Jan 16 2025, 2.725504121510312
11:00, Thu Jan 16 2025, 3.593225597171113
12:00, Thu Jan 16 2025, 4.152719666715711
13:00, Thu Jan 16 2025, 5
14:00, Thu Jan 16 2025, 4.823873572517186
15:00, Thu Jan 16 2025, 4.9190517088864
16:00, Thu Jan 16 2025, 4.718591452809051
17:00, Thu Jan 16 2025, 5
18:00, Thu Jan 16 2025, 5
19:00, Thu Jan 16 2025, 5
20:00, Thu Jan 16 2025, 5
21:00, Thu Jan 16 2025, 5
22:00, Thu Jan 16 2025, 4.167486671824008
23:00, Thu Jan 16 2025, 3.5400791361462325
00:00, Fri Jan 17 2025, 4.275619861437008
01:00, Fri Jan 17 2025, 4.457775155780837
02:00, Fri Jan 17 2025, 5
03:00, Fri Jan 17 2025, 5
04:00, Fri Jan 17 2025, 5
05:00, Fri Jan 17 2025, 5
06:00, Fri Jan 17 2025, 5
07:00, Fri Jan 17 2025, 4.548795985989273
08:00, Fri Jan 17 2025, 3.83700860850513
09:00, Fri Jan 17 2025, 4.329494837438688
10:00, Fri Jan 17 2025, 3.9298286219127476
11:00, Fri Jan 17 2025, 2.9821508871391416
12:00, Fri Jan 17 2025, 3.1859153788536787
13:00, Fri Jan 17 2025, 2.7290619700215757
14:00, Fri Jan 17 2025, 2.954184436937794
15:00, Fri Jan 17 2025, 3.6174006587825716
16:00, Fri Jan 17 2025, 3.872728996910155
17:00, Fri Jan 17 2025, 3.2299045943655074
18:00, Fri Jan 17 2025, 4.196439397986978
19:00, Fri Jan 17 2025, 5
20:00, Fri Jan 17 2025, 5
21:00, Fri Jan 17 2025, 4.429578128037974
22:00, Fri Jan 17 2025, 3.7765652667731047
23:00, Fri Jan 17 2025, 2.9858985173050314
00:00, Sat Jan 18 2025, 3.840447525959462
01:00, Sat Jan 18 2025, 4.786901532206684
02:00, Sat Jan 18 2025, 4.501646644901484
03:00, Sat Jan 18 2025, 5
04:00, Sat Jan 18 2025, 4.219137345673516
05:00, Sat Jan 18 2025, 3.262310311663896
06:00, Sat Jan 18 2025, 3.0946552276145667
07:00, Sat Jan 18 2025, 3.5201482221018523
08:00, Sat Jan 18 2025, 4.4396128377411515
09:00, Sat Jan 18 2025, 3.994680770440027
10:00, Sat Jan 18 2025, 4.140808074269444
11:00, Sat Jan 18 2025, 4.88371967128478
12:00, Sat Jan 18 2025, 3.9716223643627018
13:00, Sat Jan 18 2025, 4.472031161189079
14:00, Sat Jan 18 2025, 3.5913822120055556
15:00, Sat Jan 18 2025, 4.255880866665393
16:00, Sat Jan 18 2025, 5
17:00, Sat Jan 18 2025, 5
18:00, Sat Jan 18 2025, 4.687210618518293
19:00, Sat Jan 18 2025, 4.5755213282536715
20:00, Sat Jan 18 2025, 5
21:00, Sat Jan 18 2025, 4.751516971504316
22:00, Sat Jan 18 2025, 4.017647558823228
23:00, Sat Jan 18 2025, 3.9968750074040145
00:00, Sun Jan 19 2025, 3.8204075435642153
01:00, Sun Jan 19 2025, 4.433275117306039
02:00, Sun Jan 19 2025, 3.470276012318209
03:00, Sun Jan 19 2025, 3.3855104208923876
04:00, Sun Jan 19 2025, 3.219880781136453
05:00, Sun Jan 19 2025, 3.2897786444518715
06:00, Sun Jan 19 2025, 2.367610465735197
07:00, Sun Jan 19 2025, 2.2892164185177535
08:00, Sun Jan 19 2025, 2.846125937299803
09:00, Sun Jan 19 2025, 2.336599256377667
10:00, Sun Jan 19 2025, 2.634241024730727
11:00, Sun Jan 19 2025, 2.7174029196612537
12:00, Sun Jan 19 2025, 3.47903833957389
13:00, Sun Jan 19 2025, 3.799927486339584
14:00, Sun Jan 19 2025, 4.7545935064554214
15:00, Sun Jan 19 2025, 4.396109296241775
16:00, Sun Jan 19 2025, 4.229935311013833
17:00, Sun Jan 19 2025, 4.80945187038742
18:00, Sun Jan 19 2025, 3.8711732064839453
19:00, Sun Jan 19 2025, 3.4943180340342224
20:00, Sun Jan 19 2025, 4.343221230432391
21:00, Sun Jan 19 2025, 3.673545374069363
22:00, Sun Jan 19 2025, 4.427510828478262
23:00, Sun Jan 19 2025, 4.747729263268411
00:00, Mon Jan 20 2025, 5
01:00, Mon Jan 20 2025, 4.944392650388181
02:00, Mon Jan 20 2025, 4.167650382965803
03:00, Mon Jan 20 2025, 4.259511541342363
04:00, Mon Jan 20 2025, 3.363790746545419
05:00, Mon Jan 20 2025, 2.7866139821708202
06:00, Mon Jan 20 2025, 3.4195388606749475
07:00, Mon Jan 20 2025, 2.5764341114554554
08:00, Mon Jan 20 2025, 3.129021117463708
09:00, Mon Jan 20 2025, 3.40766054042615
10:00, Mon Jan 20 2025, 4.24605381116271
11:00, Mon Jan 20 2025, 4.004970642272383
12:00, Mon Jan 20 2025, 4.582269403384998
13:00, Mon Jan 20 2025, 4.3752491869963706
14:00, Mon Jan 20 2025, 4.748126152902842
15:00, Mon Jan 20 2025, 4.034127759281546
16:00, Mon Jan 20 2025, 3.8543440259527415
17:00, Mon Jan 20 2025, 3.6158686373382807
18:00, Mon Jan 20 2025, 3.050639492459595
19:00, Mon Jan 20 2025, 3.4641207817476243
20:00, Mon Jan 20 2025, 2.634944543475285
21:00, Mon Jan 20 2025, 3.1449567885138094
22:00, Mon Jan 20 2025, 2.826465131249279
23:00, Mon Jan 20 2025, 2.7801065715029836
00:00, Tue Jan 21 2025, 2.9341962377075106
01:00, Tue Jan 21 2025, 3.05695845419541
02:00, Tue Jan 21 2025, 2.4913920222315937
03:00, Tue Jan 21 2025, 3.0914451498538256
04:00, Tue Jan 21 2025, 3.319342930102721
05:00, Tue Jan 21 2025, 4.144331133225933
06:00, Tue Jan 21 2025, 3.960018931189552
07:00, Tue Jan 21 2025, 4.819890107959509
08:00, Tue Jan 21 2025, 4.1464675578754395
09:00, Tue Jan 21 2025, 3.6446854842361063
10:00, Tue Jan 21 2025, 4.550189994741231
11:00, Tue Jan 21 2025, 5
12:00, Tue Jan 21 2025, 4.585410375148058
13:00, Tue Jan 21 2025, 4.312979616690427
14:00, Tue Jan 21 2025, 3.6953107714653015
15:00, Tue Jan 21 2025, 4.298422466497868
16:00, Tue Jan 21 2025, 3.4844653448089957
17:00, Tue Jan 21 2025, 3.3066985646728426
18:00, Tue Jan 21 2025, 4.004336714046076
19:00, Tue Jan 21 2025, 3.9768058590125293
20:00, Tue Jan 21 2025, 4.7896835883148015
21:00, Tue Jan 21 2025, 5
22:00, Tue Jan 21 2025, 4.200385388219729
23:00, Tue Jan 21 2025, 3.543792821234092
00:00, Wed Jan 22 2025, 2.5929801925085485
01:00, Wed Jan 22 2025, 3.3840902319643646
02:00, Wed Jan 22 2025, 3.9434859296306968
03:00, Wed Jan 22 2025, 3.609571492765099
04:00, Wed Jan 22 2025, 4.461806884035468
05:00, Wed Jan 22 2025, 5
06:00, Wed Jan 22 2025, 4.09345495281741
07:00, Wed Jan 22 2025, 4.151898385724053
08:00, Wed Jan 22 2025, 3.6355549511499703
09:00, Wed Jan 22 2025, 4.127474849112332
10:00, Wed Jan 22 2025, 3.7240593067836016
11:00, Wed Jan 22 2025, 3.176417851354927
12:00, Wed Jan 22 2025, 3.959901177091524
13:00, Wed Jan 22 2025, 4.44020073232241
14:00, Wed Jan 22 2025, 4.417277179192752
15:00, Wed Jan 22 2025, 5
16:00, Wed Jan 22 2025, 5
17:00, Wed Jan 22 2025, 5
18:00, Wed Jan 22 2025, 4.103340451139957
19:00, Wed Jan 22 2025, 4.559892452321947
20:00, Wed Jan 22 2025, 3.770714269950986
21:00, Wed Jan 22 2025, 4.1748253388796
22:00, Wed Jan 22 2025, 3.8438915696460754
23:00, Wed Jan 22 2025, 3.1738714147359133
00:00, Thu Jan 23 2025, 3.976027593947947
01:00, Thu Jan 23 2025, 3.797885082894936
02:00, Thu Jan 23 2025, 3.7668324448168278
03:00, Thu Jan 23 2025, 3.8675961261615157
04:00, Thu Jan 23 2025, 2.876963624730706
05:00, Thu Jan 23 2025, 2.384862946346402
06:00, Thu Jan 23 2025, 1.4838888058438897
07:00, Thu Jan 23 2025, 0.6672265857923776
08:00, Thu Jan 23 2025, 1.264666528441012
09:00, Thu Jan 23 2025, 2.066103686345741
10:00, Thu Jan 23 2025, 2.2303239037282765
11:00, Thu Jan 23 2025, 3.193535837577656
12:00, Thu Jan 23 2025, 2.5270405875053257
13:00, Thu Jan 23 2025, 2.3509520820807666
14:00, Thu Jan 23 2025, 2.5176243272144347
15:00, Thu Jan 23 2025, 2.2682891678996384
16:00, Thu Jan 23 2025, 1.740412449464202
17:00, Thu Jan 23 2025, 1.8418283408973366
18:00, Thu Jan 23 2025, 1.8048660403583199
19:00, Thu Jan 23 2025, 2.2855841217096895
20:00, Thu Jan 23 2025, 1.300344446208328
21:00, Thu Jan 23 2025, 2.2474096219521016
22:00, Thu Jan 23 2025, 2.82911433884874
23:00, Thu Jan 23 2025, 3.2951063900254667
00:00, Fri Jan 24 2025, 2.433074014959857
01:00, Fri Jan 24 2025, 2.4860411945264786
02:00, Fri Jan 24 2025, 3.4313744851388037
03:00, Fri Jan 24 2025, 3.2251397233922035
04:00, Fri Jan 24 2025, 2.705445095198229
05:00, Fri Jan 24 2025, 1.856778300832957
06:00, Fri Jan 24 2025, 2.841337638674304
07:00, Fri Jan 24 2025, 3.169565907213837
08:00, Fri Jan 24 2025, 2.3264059445355088
09:00, Fri Jan 24 2025, 1.8869259285274893
10:00, Fri Jan 24 2025, 0.9977432822342962
11:00, Fri Jan 24 2025, 1.8779740270692855
12:00, Fri Jan 24 2025, 1.2357455170713365
13:00, Fri Jan 24 2025, 1.622267273021862
14:00, Fri Jan 24 2025, 0.908048810902983
15:00, Fri Jan 24 2025, 1.4780851509422064
16:00, Fri Jan 24 2025, 2.230543229030445
17:00, Fri Jan 24 2025, 3.1240199701860547
18:00, Fri Jan 24 2025, 3.1169183456804603
19:00, Fri Jan 24 2025, 4.001907411264256
20:00, Fri Jan 24 2025, 4.612420665100217
21:00, Fri Jan 24 2025, 4.5108321802690625
22:00, Fri Jan 24 2025, 5
23:00, Fri Jan 24 2025, 4.770053251646459
00:00, Sat Jan 25 2025, 4.831342719960958
01:00, Sat Jan 25 2025, 5
02:00, Sat Jan 25 2025, 5
03:00, Sat Jan 25 2025, 4.727711708052084
04:00, Sat Jan 25 2025, 5
05:00, Sat Jan 25 2025, 4.486282199854031
06:00, Sat Jan 25 2025, 4.9413321553729475
07:00, Sat Jan 25 2025, 5
08:00, Sat Jan 25 2025, 5
09:00, Sat Jan 25 2025, 5
10:00, Sat Jan 25 2025, 4.165198414353654
11:00, Sat Jan 25 2025, 3.3494737537112087
12:00, Sat Jan 25 2025, 2.7857335421722382
13:00, Sat Jan 25 2025, 2.8076453113462776
14:00, Sat Jan 25 2025, 2.849657186307013
15:00, Sat Jan 25 2025, 2.0602931254543364
16:00, Sat Jan 25 2025, 2.3840511047746986
17:00, Sat Jan 25 2025, 1.6800301573239267
18:00, Sat Jan 25 2025, 1.7795284097082913
19:00, Sat Jan 25 2025, 0.9728433112613857
20:00, Sat Jan 25 2025, 0.9808325106278062
21:00, Sat Jan 25 2025, 1.1387714254669845
22:00, Sat Jan 25 2025, 0.37991201248951256
23:00, Sat Jan 25 2025, 1.1595747789833695
00:00, Sun Jan 26 2025, 1.2478149125818163
01:00, Sun Jan 26 2025, 2.2177861721720546
02:00, Sun Jan 26 2025, 2.935995389940217
03:00, Sun Jan 26 2025, 3.6049745853524655
04:00, Sun Jan 26 2025, 3.7346662872005254
05:00, Sun Jan 26 2025, 3.7682826588861644
06:00, Sun Jan 26 2025, 3.762515479698777
07:00, Sun Jan 26 2025, 3.2218360770493746
08:00, Sun Jan 26 2025, 3.826075166463852
09:00, Sun Jan 26 2025, 3.204017608659342
10:00, Sun Jan 26 2025, 3.7150023428257555
11:00, Sun Jan 26 2025, 4.200262931874022
12:00, Sun Jan 26 2025, 3.7958055019844323
13:00, Sun Jan 26 2025, 3.3390277985017747
14:00, Sun Jan 26 2025, 3.359140521613881
15:00, Sun Jan 26 2025, 3.140075626084581
16:00, Sun Jan 26 2025, 3.1749735483899713
17:00, Sun Jan 26 2025, 2.263515619095415
18:00, Sun Jan 26 2025, 2.824682174017653
19:00, Sun Jan 26 2025, 2.7044758384581655
20:00, Sun Jan 26 2025, 2.6094162208028138
21:00, Sun Jan 26 2025, 3.279381242580712
22:00, Sun Jan 26 2025, 3.5347893910948187
23:00, Sun Jan 26 2025, 3.0723670402076095
00:00, Mon Jan 27 2025, 2.835412518121302
01:00, Mon Jan 27 2025, 3.0260452744551003
02:00, Mon Jan 27 2025, 3.3432694729417562
03:00, Mon Jan 27 2025, 2.373969177948311
04:00, Mon Jan 27 2025, 3.32831962662749
05:00, Mon Jan 27 2025, 4.119385900441557
06:00, Mon Jan 27 2025, 4.542043341789395
07:00, Mon Jan 27 2025, 4.926928224042058
08:00, Mon Jan 27 2025, 5
09:00, Mon Jan 27 2025, 5
10:00, Mon Jan 27 2025, 4.745133599964902
11:00, Mon Jan 27 2025, 3.9167696395888925
12:00, Mon Jan 27 2025, 3.48411101475358
13:00, Mon Jan 27 2025, 3.5573041008319706
14:00, Mon Jan 27 2025, 2.966937145218253
15:00, Mon Jan 27 2025, 2.2877518660388887
16:00, Mon Jan 27 2025, 2.4264750147704035
17:00, Mon Jan 27 2025, 2.906084463233128
18:00, Mon Jan 27 2025, 2.562130690086633
19:00, Mon Jan 27 2025, 2.735619311919436
20:00, Mon Jan 27 2025, 2.3049373445101082
21:00, Mon Jan 27 2025, 2.054355497704819
22:00, Mon Jan 27 2025, 2.8922684649005532
23:00, Mon Jan 27 2025, 3.7887709168717265
00:00, Tue Jan 28 2025, 2.957851729588583
01:00, Tue Jan 28 2025, 2.441957139642909
02:00, Tue Jan 28 2025, 3.2182066775858402
03:00, Tue Jan 28 2025, 3.585337713593617
04:00, Tue Jan 28 2025, 3.182434683665633
05:00, Tue Jan 28 2025, 3.437812586547807
06:00, Tue Jan 28 2025, 3.163034430006519
07:00, Tue Jan 28 2025, 2.308013519272208
08:00, Tue Jan 28 2025, 1.929800946265459
09:00, Tue Jan 28 2025, 2.50738217914477
10:00, Tue Jan 28 2025, 2.0975900110788643
11:00, Tue Jan 28 2025, 1.6492767424788326
12:00, Tue Jan 28 2025, 2.1813744748942554
13:00, Tue Jan 28 2025, 2.0332547393627465
14:00, Tue Jan 28 2025, 1.8553111422806978
15:00, Tue Jan 28 2025, 1.0409418584313244
16:00, Tue Jan 28 2025, 1.3456863642204553
17:00, Tue Jan 28 2025, 1.1927107702940702
18:00, Tue Jan 28 2025, 1.0919911048840731
19:00, Tue Jan 28 2025, 0.7600890279281884
20:00, Tue Jan 28 2025, 1.6186681734398007
21:00, Tue Jan 28 2025, 1.6089539672248065
22:00, Tue Jan 28 2025, 1.9285965510644019
23:00, Tue Jan 28 2025, 2.056723636575043
00:00, Wed Jan 29 2025, 1.8879301033448428
01:00, Wed Jan 29 2025, 1.2306096251122653
02:00, Wed Jan 29 2025, 0.47869571880437434
03:00, Wed Jan 29 2025, 0.8072983371093869
04:00, Wed Jan 29 2025, 0.15330042084679008
05:00, Wed Jan 29 2025, -0.335680007468909
06:00, Wed Jan 29 2025, 0.22002524719573557
07:00, Wed Jan 29 2025, -0.18681310396641493
08:00, Wed Jan 29 2025, 0.754948693793267
09:00, Wed Jan 29 2025, 0.7249648291617632
10:00, Wed Jan 29 2025, 0.5035732274409384
11:00, Wed Jan 29 2025, 1.1551709617488086
12:00, Wed Jan 29 2025, 2.0603339371737093
13:00, Wed Jan 29 2025, 2.6240050902124494
14:00, Wed Jan 29 2025, 2.8177535557188094
15:00, Wed Jan 29 2025, 1.9834632300771773
16:00, Wed Jan 29 2025, 2.4442064699251205
17:00, Wed Jan 29 2025, 2.9380452893674374
18:00, Wed Jan 29 2025, 2.904447417007759
19:00, Wed Jan 29 2025, 2.862403007457033
20:00, Wed Jan 29 2025, 3.8093523129355162
21:00, Wed Jan 29 2025, 2.997549120336771
22:00, Wed Jan 29 2025, 3.746055615367368
23:00, Wed Jan 29 2025, 3.7610949233639985
00:00, Thu Jan 30 2025, 4.01700174738653
01:00, Thu Jan 30 2025, 3.6035741718951613
02:00, Thu Jan 30 2025, 2.728324916679412
03:00, Thu Jan 30 2025, 2.1010311448480934
04:00, Thu Jan 30 2025, 2.2293454399332404
05:00, Thu Jan 30 2025, 2.7879255923908204
06:00, Thu Jan 30 2025, 3.7323924475349486
07:00, Thu Jan 30 2025, 2.953754536341876
08:00, Thu Jan 30 2025, 2.348715728148818
09:00, Thu Jan 30 2025, 3.18055226537399
10:00, Thu Jan 30 2025, 3.8224496433977038
11:00, Thu Jan 30 2025, 4.707740620011464
12:00, Thu Jan 30 2025, 4.573392636841163
13:00, Thu Jan 30 2025, 4.306304884376004
14:00, Thu Jan 30 2025, 3.416343069402501
15:00, Thu Jan 30 2025, 4.183822325663641
16:00, Thu Jan 30 2025, 4.734885827172548
17:00, Thu Jan 30 2025, 5
18:00, Thu Jan 30 2025, 5
19:00, Thu Jan 30 2025, 5
20:00, Thu Jan 30 2025, 4.364313018042594
21:00, Thu Jan 30 2025, 5
22:00, Thu Jan 30 2025, 4.348387629259378
23:00, Thu Jan 30 2025, 4.705296750180423
00:00, Fri Jan 31 2025, 4.734982152469456
01:00, Fri Jan 31 2025, 5
02:00, Fri Jan 31 2025, 5
03:00, Fri Jan 31 2025, 5
04:00, Fri Jan 31 2025, 4.753411919344217
05:00, Fri Jan 31 2025, 3.879111268091947
06:00, Fri Jan 31 2025, 4.139486054191366
07:00, Fri Jan 31 2025, 3.7423467845655978
08:00, Fri Jan 31 2025, 3.0997775935102254
09:00, Fri Jan 31 2025, 3.810360436094925
10:00, Fri Jan 31 2025, 3.0407702336087823
11:00, Fri Jan 31 2025, 3.9032096948940307
12:00, Fri Jan 31 2025, 4.406533221947029
13:00, Fri Jan 31 2025, 4.490408944897354
14:00, Fri Jan 31 2025, 3.718938390724361
15:00, Fri Jan 31 2025, 3.9294677120633423
16:00, Fri Jan 31 2025, 3.9885728205554187
17:00, Fri Jan 31 2025, 4.735219502355903
18:00, Fri Jan 31 2025, 4.040733539499342
19:00, Fri Jan 31 2025, 4.154816737398505
20:00, Fri Jan 31 2025, 4.663577453466132
21:00, Fri Jan 31 2025, 4.65216388553381
22:00, Fri Jan 31 2025, 5
23:00, Fri Jan 31 2025, 4.5562479856889695
00:00, Sat Feb 01 2025, 4.672610810259357
01:00, Sat Feb 01 2025, 5
02:00, Sat Feb 01 2025, 5
03:00, Sat Feb 01 2025, 5
04:00, Sat Feb 01 2025, 5
05:00, Sat Feb 01 2025, 4.828222222393379
06:00, Sat Feb 01 2025, 5
07:00, Sat Feb 01 2025, 4.770340510178357
08:00, Sat Feb 01 2025, 5
09:00, Sat Feb 01 2025, 5
10:00, Sat Feb 01 2025, 5
11:00, Sat Feb 01 2025, 4.668689827667549
12:00, Sat Feb 01 2025, 4.989569828379899
13:00, Sat Feb 01 2025, 5
14:00, Sat Feb 01 2025, 5
15:00, Sat Feb 01 2025, 4.1451252026017755
16:00, Sat Feb 01 2025, 4.459420118946582
17:00, Sat Feb 01 2025, 4.694878923008218
18:00, Sat Feb 01 2025, 4.51191129302606
19:00, Sat Feb 01 2025, 3.946372176054865
20:00, Sat Feb 01 2025, 3.159502803813666
21:00, Sat Feb 01 2025, 2.1609282873105258
22:00, Sat Feb 01 2025, 2.183063655393198
23:00, Sat Feb 01 2025, 2.324082869803533
00:00, Sun Feb 02 2025, 1.8431237696204334
01:00, Sun Feb 02 2025, 1.9807807798497379
02:00, Sun Feb 02 2025, 1.064148628152907
03:00, Sun Feb 02 2025, 1.718179001007229
04:00, Sun Feb 02 2025, 1.7906767642125487
05:00, Sun Feb 02 2025, 1.1223675000946969
06:00, Sun Feb 02 2025, 0.6299056126736104
07:00, Sun Feb 02 2025, -0.26639170572161674
08:00, Sun Feb 02 2025, 0.3430536880623549
09:00, Sun Feb 02 2025, -0.16997108631767333
10:00, Sun Feb 02 2025, 0.7461846231017262
11:00, Sun Feb 02 2025, 1.3238805925939232
12:00, Sun Feb 02 2025, 1.4365937213879079
13:00, Sun Feb 02 2025, 0.8474174221046269
14:00, Sun Feb 02 2025, 1.7739876848645508
15:00, Sun Feb 02 2025, 0.7857877223286778
16:00, Sun Feb 02 2025, 1.5425020621623844
17:00, Sun Feb 02 2025, 0.7005139738321304
18:00, Sun Feb 02 2025, 0.16285598184913397
19:00, Sun Feb 02 2025, 0.4390104622580111
20:00, Sun Feb 02 2025, 1.2665340334642678
21:00, Sun Feb 02 2025, 2.012456368887797
22:00, Sun Feb 02 2025, 2.898664476815611
23:00, Sun Feb 02 2025, 3.3804890606552362
00:00, Mon Feb 03 2025, 3.049877199344337
01:00, Mon Feb 03 2025, 2.7333953115157783
02:00, Mon Feb 03 2025, 2.5582370997872204
03:00, Mon Feb 03 2025, 2.3110763679724187
04:00, Mon Feb 03 2025, 2.2111582334619015
05:00, Mon Feb 03 2025, 3.1027244969736785
06:00, Mon Feb 03 2025, 3.1985221540089697
07:00, Mon Feb 03 2025, 3.0613322341814637
08:00, Mon Feb 03 2025, 2.965261556673795
09:00, Mon Feb 03 2025, 3.359592921799049
10:00, Mon Feb 03 2025, 2.366085226647556
11:00, Mon Feb 03 2025, 2.314712443156168
12:00, Mon Feb 03 2025, 2.7881456301547587
13:00, Mon Feb 03 2025, 3.485680727986619
14:00, Mon Feb 03 2025, 3.2214246958028525
15:00, Mon Feb 03 2025, 3.9275623923167586
16:00, Mon Feb 03 2025, 4.869852517964318
17:00, Mon Feb 03 2025, 5
18:00, Mon Feb 03 2025, 5
19:00, Mon Feb 03 2025, 4.921607718337327
20:00, Mon Feb 03 2025, 4.777494681533426
21:00, Mon Feb 03 2025, 4.194041937356815
22:00, Mon Feb 03 2025, 3.6047535671386868
23:00, Mon Feb 03 2025, 3.1689161269459873
00:00, Tue Feb 04 2025, 2.2254015277139843
01:00, Tue Feb 04 2025, 2.9377842659596354
02:00, Tue Feb 04 2025, 3.477990230778232
03:00, Tue Feb 04 2025, 3.2682752329856157
04:00, Tue Feb 04 2025, 2.2997622401453555
05:00, Tue Feb 04 2025, 2.727472955128178
06:00, Tue Feb 04 2025, 2.7959004645235837
07:00, Tue Feb 04 2025, 3.2743564443662763
08:00, Tue Feb 04 2025, 4.230890481499955
09:00, Tue Feb 04 2025, 4.020596230402589
10:00, Tue Feb 04 2025, 3.6214238689281046
11:00, Tue Feb 04 2025, 3.995700125815347
12:00, Tue Feb 04 2025, 4.223828865680844
13:00, Tue Feb 04 2025, 4.487963642226532
14:00, Tue Feb 04 2025, 3.8879074489232153
15:00, Tue Feb 04 2025, 3.9726048479788005
16:00, Tue Feb 04 2025, 3.7972539595793933
17:00, Tue Feb 04 2025, 2.932699433993548
18:00, Tue Feb 04 2025, 2.057275832630694
19:00, Tue Feb 04 2025, 2.057807512814179
20:00, Tue Feb 04 2025, 1.7967075726483017
21:00, Tue Feb 04 2025, 2.4374323152005672
22:00, Tue Feb 04 2025, 1.811764377169311
23:00, Tue Feb 04 2025, 1.56222108239308
00:00, Wed Feb 05 2025, 1.550115819554776
01:00, Wed Feb 05 2025, 1.655519369058311
02:00, Wed Feb 05 2025, 2.6113609636668116
03:00, Wed Feb 05 2025, 3.105823629302904
04:00, Wed Feb 05 2025, 2.278456248342991
05:00, Wed Feb 05 2025, 2.9200901929289103
06:00, Wed Feb 05 2025, 3.308294930960983
07:00, Wed Feb 05 2025, 3.0194969463627785
08:00, Wed Feb 05 2025, 2.8507739794440567
09:00, Wed Feb 05 2025, 2.630627634935081
10:00, Wed Feb 05 2025, 2.572341437684372
11:00, Wed Feb 05 2025, 1.9675877848640084
12:00, Wed Feb 05 2025, 1.1187288989312947
13:00, Wed Feb 05 2025, 0.38982433499768376
14:00, Wed Feb 05 2025, 0.45323755708523095
15:00, Wed Feb 05 2025, 0.34050141694024205
16:00, Wed Feb 05 2025, 1.2899934989400208
17:00, Wed Feb 05 2025, 1.2142607348505408
18:00, Wed Feb 05 2025, 0.6787140020169318
19:00, Wed Feb 05 2025, 1.370968417963013
20:00, Wed Feb 05 2025, 1.5370512234512717
21:00, Wed Feb 05 2025, 0.6148135657422245
22:00, Wed Feb 05 2025, -0.04596185707487166
23:00, Wed Feb 05 2025, -0.5383176081813872
00:00, Thu Feb 06 2025, -0.3453043350018561
01:00, Thu Feb 06 2025, -1.2524549134541303
02:00, Thu Feb 06 2025, -2.033512367401272
03:00, Thu Feb 06 2025, -2.8576164881233126
04:00, Thu Feb 06 2025, -3.082875235239044
05:00, Thu Feb 06 2025, -2.793317582923919
06:00, Thu Feb 06 2025, -3.5102675852831453
07:00, Thu Feb 06 2025, -3.014988550450653
08:00, Thu Feb 06 2025, -3.0124958101660013
09:00, Thu Feb 06 2025, -3.5018169060349464
10:00, Thu Feb 06 2025, -2.7172912042587996
11:00, Thu Feb 06 2025, -2.6243896735832095
12:00, Thu Feb 06 2025, -3.138269100803882
13:00, Thu Feb 06 2025, -3.159748087869957
14:00, Thu Feb 06 2025, -3.3234504086431116
15:00, Thu Feb 06 2025, -4.238290265668184
16:00, Thu Feb 06 2025, -3.847674355842173
17:00, Thu Feb 06 2025, -3.716256473911926
18:00, Thu Feb 06 2025, -4.297411680454388
19:00, Thu Feb 06 2025, -3.546751351794228
20:00, Thu Feb 06 2025, -4.453637514729053
21:00, Thu Feb 06 2025, -3.6954258526675403
22:00, Thu Feb 06 2025, -4.59864864568226
23:00, Thu Feb 06 2025, -3.6092849203851074
00:00, Fri Feb 07 2025, -3.179772330680862
01:00, Fri Feb 07 2025, -3.7505045630969107
02:00, Fri Feb 07 2025, -3.5090966783463955
03:00, Fri Feb 07 2025, -4.407284712884575
04:00, Fri Feb 07 2025, -4.293627085862681
05:00, Fri Feb 07 2025, -3.7218005920294672
06:00, Fri Feb 07 2025, -4.659232181496918
07:00, Fri Feb 07 2025, -4.548636716324836
08:00, Fri Feb 07 2025, -3.9654404271859676
09:00, Fri Feb 07 2025, -4.752661463804543
10:00, Fri Feb 07 2025, -5
11:00, Fri Feb 07 2025, -4.10256930696778
12:00, Fri Feb 07 2025, -3.1313147058244795
13:00, Fri Feb 07 2025, -3.5461107548326254
14:00, Fri Feb 07 2025, -3.8556464051362127
15:00, Fri Feb 07 2025, -4.254656818928197
16:00, Fri Feb 07 2025, -3.913259791675955
17:00, Fri Feb 07 2025, -4.822969563538209
18:00, Fri Feb 07 2025, -4.1634635692462325
19:00, Fri Feb 07 2025, -4.277853855397552
20:00, Fri Feb 07 2025, -4.225707445060834
21:00, Fri Feb 07 2025, -3.815537919756025
22:00, Fri Feb 07 2025, -4.52886365656741
23:00, Fri Feb 07 2025, -5
00:00, Sat Feb 08 2025, -4.717396266758442
01:00, Sat Feb 08 2025, -4.155276867095381
02:00, Sat Feb 08 2025, -3.698336366098374
03:00, Sat Feb 08 2025, -4.459916656604037
04:00, Sat Feb 08 2025, -3.848925461061299
05:00, Sat Feb 08 2025, -3.268872357904911
06:00, Sat Feb 08 2025, -3.23724227771163
07:00, Sat Feb 08 2025, -4.167184763820842
08:00, Sat Feb 08 2025, -4.217510180780664
09:00, Sat Feb 08 2025, -4.370782793033868
10:00, Sat Feb 08 2025, -4.744932510890067
11:00, Sat Feb 08 2025, -4.445414294255897
12:00, Sat Feb 08 2025, -5
13:00, Sat Feb 08 2025, -5
14:00, Sat Feb 08 2025, -4.085952115710825
15:00, Sat Feb 08 2025, -4.347527366830036
16:00, Sat Feb 08 2025, -4.346174974692985
17:00, Sat Feb 08 2025, -4.017114525428042
18:00, Sat Feb 08 2025, -4.8201288029085845
19:00, Sat Feb 08 2025, -3.9846735037863255
20:00, Sat Feb 08 2025, -3.9140722218435258
21:00, Sat Feb 08 2025, -4.511552541516721
22:00, Sat Feb 08 2025, -3.713321574497968
23:00, Sat Feb 08 2025, -3.608739187475294
00:00, Sun Feb 09 2025, -4.307514811400324
01:00, Sun Feb 09 2025, -4.033796734875068
02:00, Sun Feb 09 2025, -4.663643382489681
03:00, Sun Feb 09 2025, -4.346862102625892
04:00, Sun Feb 09 2025, -3.396841266192496
05:00, Sun Feb 09 2025, -2.940017369342968
06:00, Sun Feb 09 2025, -2.9230034821666777
07:00, Sun Feb 09 2025, -3.720927822170779
08:00, Sun Feb 09 2025, -3.3427583342418075
09:00, Sun Feb 09 2025, -2.9103343281894922
10:00, Sun Feb 09 2025, -2.3158133637625724
11:00, Sun Feb 09 2025, -2.4099012173246592
12:00, Sun Feb 09 2025, -2.01351606589742
13:00, Sun Feb 09 2025, -1.3160616219975054
14:00, Sun Feb 09 2025, -1.0877400864847004
15:00, Sun Feb 09 2025, -1.3190843721386045
16:00, Sun Feb 09 2025, -0.698061389150098
17:00, Sun Feb 09 2025, -1.0044692973606288
18:00, Sun Feb 09 2025, -0.3690207984764129
19:00, Sun Feb 09 2025, 0.6197211556136608
20:00, Sun Feb 09 2025, -0.08090056385844946
21:00, Sun Feb 09 2025, -0.15503122680820525
22:00, Sun Feb 09 2025, 0.49633345450274646
23:00, Sun Feb 09 2025, 0.6480116851162165
00:00, Mon Feb 10 2025, 0.5960362842306495
01:00, Mon Feb 10 2025, 0.5745934327133
02:00, Mon Feb 10 2025, -0.12469463679008186
03:00, Mon Feb 10 2025, -0.06568730156868696
04:00, Mon Feb 10 2025, 0.49907833454199135
05:00, Mon Feb 10 2025, 0.9654928662348539
06:00, Mon Feb 10 2025, 1.552456374047324
07:00, Mon Feb 10 2025, 0.7979952723253518
08:00, Mon Feb 10 2025, -0.15868600108660758
09:00, Mon Feb 10 2025, 0.7700474432203919
10:00, Mon Feb 10 2025, 1.4628395338077098
11:00, Mon Feb 10 2025, 0.6184220525901765
12:00, Mon Feb 10 2025, 0.5579976795706898
13:00, Mon Feb 10 2025, 0.6583545797038823
14:00, Mon Feb 10 2025, -0.16354041709564626
15:00, Mon Feb 10 2025, 0.44743060786277056
16:00, Mon Feb 10 2025, -0.5135923349298537
17:00, Mon Feb 10 2025, -1.026414855150506
18:00, Mon Feb 10 2025, -1.6337899742648005
19:00, Mon Feb 10 2025, -1.7064049025066197
20:00, Mon Feb 10 2025, -1.3327673489693552
21:00, Mon Feb 10 2025, -1.8004615453537554
22:00, Mon Feb 10 2025, -2.624680469976738
23:00, Mon Feb 10 2025, -2.3712861624080688
00:00, Tue Feb 11 2025, -3.0284458056557924
01:00, Tue Feb 11 2025, -2.940453033428639
02:00, Tue Feb 11 2025, -3.529385837027803
03:00, Tue Feb 11 2025, -4.281608878867701
04:00, Tue Feb 11 2025, -4.125093145295978
05:00, Tue Feb 11 2025, -3.127098558936268
06:00, Tue Feb 11 2025, -3.2099856855347753
07:00, Tue Feb 11 2025, -3.0433699022978544
08:00, Tue Feb 11 2025, -3.6510287108831108
09:00, Tue Feb 11 2025, -4.622569659492001
10:00, Tue Feb 11 2025, -5
11:00, Tue Feb 11 2025, -4.210878432029858
12:00, Tue Feb 11 2025, -4.653807220049202
13:00, Tue Feb 11 2025, -5
14:00, Tue Feb 11 2025, -4.271993035916239
15:00, Tue Feb 11 2025, -3.4857482775114477
16:00, Tue Feb 11 2025, -4.3758642743341625
17:00, Tue Feb 11 2025, -3.9961299921851605
18:00, Tue Feb 11 2025, -4.186999255325645
19:00, Tue Feb 11 2025, -4.014690288575366
20:00, Tue Feb 11 2025, -4.817230455810204
21:00, Tue Feb 11 2025, -5
22:00, Tue Feb 11 2025, -5
23:00, Tue Feb 11 2025, -4.9263825681991875
00:00, Wed Feb 12 2025, -4.852593446383253
01:00, Wed Feb 12 2025, -5
02:00, Wed Feb 12 2025, -5
03:00, Wed Feb 12 2025, -4.620488418499008
04:00, Wed Feb 12 2025, -4.227510361233726
05:00, Wed Feb 12 2025, -5
06:00, Wed Feb 12 2025, -5
07:00, Wed Feb 12 2025, -4.384443117771298
08:00, Wed Feb 12 2025, -5
09:00, Wed Feb 12 2025, -5
10:00, Wed Feb 12 2025, -4.360996794421226
11:00, Wed Feb 12 2025, -3.530537673505023
12:00, Wed Feb 12 2025, -3.3787703334819525
13:00, Wed Feb 12 2025, -3.7618433197494596
14:00, Wed Feb 12 2025, -3.6323594823479652
15:00, Wed Feb 12 2025, -4.302670566597953
16:00, Wed Feb 12 2025, -5
17:00, Wed Feb 12 2025, -5
18:00, Wed Feb 12 2025, -4.365583233302459
19:00, Wed Feb 12 2025, -4.426871029660106
20:00, Wed Feb 12 2025, -4.92957207839936
21:00, Wed Feb 12 2025, -4.959156873635948
22:00, Wed Feb 12 2025, -5
23:00, Wed Feb 12 2025, -5
00:00, Thu Feb 13 2025, -4.307903092354536
01:00, Thu Feb 13 2025, -4.794049869058654
02:00, Thu Feb 13 2025, -4.691424121614546
03:00, Thu Feb 13 2025, -5
04:00, Thu Feb 13 2025, -4.864724151324481
05:00, Thu Feb 13 2025, -4.733310478273779
06:00, Thu Feb 13 2025, -4.7407804888207465
07:00, Thu Feb 13 2025, -4.741608656710014
08:00, Thu Feb 13 2025, -4.7623237853404135
09:00, Thu Feb 13 2025, -4.988176866667345
10:00, Thu Feb 13 2025, -5
11:00, Thu Feb 13 2025, -4.387474611634389
12:00, Thu Feb 13 2025, -4.114697870565578
13:00, Thu Feb 13 2025, -3.3857824290171266
14:00, Thu Feb 13 2025, -4.096540101571009
15:00, Thu Feb 13 2025, -4.155276643810794
16:00, Thu Feb 13 2025, -3.5809486641082913
17:00, Thu Feb 13 2025, -2.7314093438908458
18:00, Thu Feb 13 2025, -3.1280991826206446
19:00, Thu Feb 13 2025, -3.000717109069228
20:00, Thu Feb 13 2025, -3.922540518688038
21:00, Thu Feb 13 2025, -3.9939565241802484
22:00, Thu Feb 13 2025, -4.502259555039927
23:00, Thu Feb 13 2025, -3.761552568990737
00:00, Fri Feb 14 2025, -3.4070424523670226
01:00, Fri Feb 14 2025, -3.223702344344929
02:00, Fri Feb 14 2025, -2.2457695556804538
03:00, Fri Feb 14 2025, -2.280685032485053
04:00, Fri Feb 14 2025, -1.98257587547414
05:00, Fri Feb 14 2025, -2.482509759021923
06:00, Fri Feb 14 2025, -2.5862955511547625
07:00, Fri Feb 14 2025, -2.1661930470727384
08:00, Fri Feb 14 2025, -3.0756861474364996
09:00, Fri Feb 14 2025, -3.8478201711550355
10:00, Fri Feb 14 2025, -4.047283965628594
11:00, Fri Feb 14 2025, -3.24549895292148
12:00, Fri Feb 14 2025, -4.002826387993991
13:00, Fri Feb 14 2025, -3.521551340352744
14:00, Fri Feb 14 2025, -3.905553196091205
15:00, Fri Feb 14 2025, -2.9785652144346386
16:00, Fri Feb 14 2025, -3.706867632223293
17:00, Fri Feb 14 2025, -3.687500970205292
18:00, Fri Feb 14 2025, -4.4611240706872195
19:00, Fri Feb 14 2025, -4.555123258847743
20:00, Fri Feb 14 2025, -4.6495473340619355
21:00, Fri Feb 14 2025, -4.794328934280202
22:00, Fri Feb 14 2025, -3.9055081009864807
23:00, Fri Feb 14 2025, -3.344500539591536
00:00, Sat Feb 15 2025, -4.280997034627944
01:00, Sat Feb 15 2025, -3.885174391558394
02:00, Sat Feb 15 2025, -3.589328227099031
03:00, Sat Feb 15 2025, -3.016969476127997
04:00, Sat Feb 15 2025, -2.988439166918397
05:00, Sat Feb 15 2025, -3.1038060602732003
06:00, Sat Feb 15 2025, -2.782035577343777
07:00, Sat Feb 15 2025, -1.9751850741449744
08:00, Sat Feb 15 2025, -1.7540875419508666
09:00, Sat Feb 15 2025, -0.9726867333520204
10:00, Sat Feb 15 2025, -0.858468874823302
11:00, Sat Feb 15 2025, -0.6936167690437287
12:00, Sat Feb 15 2025, -1.4354694169014692
13:00, Sat Feb 15 2025, -2.2000883501023054
14:00, Sat Feb 15 2025, -2.198021604679525
15:00, Sat Feb 15 2025, -1.9245268835220486
16:00, Sat Feb 15 2025, -2.2154476509895176
17:00, Sat Feb 15 2025, -2.237500636605546
18:00, Sat Feb 15 2025, -2.140073984162882
19:00, Sat Feb 15 2025, -2.9717204025946558
20:00, Sat Feb 15 2025, -3.489772498141974
21:00, Sat Feb 15 2025, -2.942034707404673
22:00, Sat Feb 15 2025, -2.670322542777285
23:00, Sat Feb 15 2025, -2.9362748579587787
00:00, Sun Feb 16 2025, -3.7245714908931404
01:00, Sun Feb 16 2025, -4.581199458800256
02:00, Sun Feb 16 2025, -5
03:00, Sun Feb 16 2025, -5
04:00, Sun Feb 16 2025, -4.4400038758758456
05:00, Sun Feb 16 2025, -4.711289048427716
06:00, Sun Feb 16 2025, -5
07:00, Sun Feb 16 2025, -5
08:00, Sun Feb 16 2025, -5
09:00, Sun Feb 16 2025, -4.673744945321232
10:00, Sun Feb 16 2025, -5
11:00, Sun Feb 16 2025, -4.593551991740242
12:00, Sun Feb 16 2025, -3.620375143829733
13:00, Sun Feb 16 2025, -4.335023663705215
14:00, Sun Feb 16 2025, -4.615384751930833
15:00, Sun Feb 16 2025, -4.76686519687064
16:00, Sun Feb 16 2025, -5
17:00, Sun Feb 16 2025, -4.518014640081674
18:00, Sun Feb 16 2025, -4.721622527111322
19:00, Sun Feb 16 2025, -4.709799169795588
20:00, Sun Feb 16 2025, -5
21:00, Sun Feb 16 2025, -4.760378276929259
22:00, Sun Feb 16 2025, -4.361915667075664
23:00, Sun Feb 16 2025, -3.683742976747453
00:00, Mon Feb 17 2025, -2.929342581657693
01:00, Mon Feb 17 2025, -3.9199381596408784
02:00, Mon Feb 17 2025, -4.2988794692792
03:00, Mon Feb 17 2025, -3.518069475889206
04:00, Mon Feb 17 2025, -3.326487687183544
05:00, Mon Feb 17 2025, -2.8730294776614755
06:00, Mon Feb 17 2025, -2.738809507340193
07:00, Mon Feb 17 2025, -2.199879051418975
08:00, Mon Feb 17 2025, -2.2190604836214334
09:00, Mon Feb 17 2025, -1.3171361070126295
10:00, Mon Feb 17 2025, -0.4070993224158883
11:00, Mon Feb 17 2025, -0.798914423910901
12:00, Mon Feb 17 2025, -1.2749239350669086
13:00, Mon Feb 17 2025, -1.4692258690483868
14:00, Mon Feb 17 2025, -0.7180828433483839
15:00, Mon Feb 17 2025, -1.54385159118101
16:00, Mon Feb 17 2025, -0.8384212926030159
17:00, Mon Feb 17 2025, -1.3642976579722017
18:00, Mon Feb 17 2025, -1.8324130948167294
19:00, Mon Feb 17 2025, -1.12853789399378
20:00, Mon Feb 17 2025, -0.19447386916726828
21:00, Mon Feb 17 2025, -1.0850530015304685
22:00, Mon Feb 17 2025, -0.2641672780737281
23:00, Mon Feb 17 2025, -0.8473368939012289
00:00, Tue Feb 18 2025, -0.012183747021481395
01:00, Tue Feb 18 2025, 0.6384221990592778
02:00, Tue Feb 18 2025, 0.7976354465354234
03:00, Tue Feb 18 2025, 0.996875780634582
04:00, Tue Feb 18 2025, 1.5637962156906724
05:00, Tue Feb 18 2025, 2.5473218485713005
06:00, Tue Feb 18 2025, 2.8727252930402756
07:00, Tue Feb 18 2025, 3.698870128020644
08:00, Tue Feb 18 2025, 3.2416458951774985
09:00, Tue Feb 18 2025, 2.3211885164491832
10:00, Tue Feb 18 2025, 2.7026464615482837
11:00, Tue Feb 18 2025, 2.895445787347853
12:00, Tue Feb 18 2025, 2.0983263975940645
13:00, Tue Feb 18 2025, 1.9416445549577475
14:00, Tue Feb 18 2025, 2.087221780559048
15:00, Tue Feb 18 2025, 1.349711246555671
16:00, Tue Feb 18 2025, 2.066325967432931
17:00, Tue Feb 18 2025, 1.710768309654668
18:00, Tue Feb 18 2025, 2.2644757330417633
19:00, Tue Feb 18 2025, 1.9748858790844679
20:00, Tue Feb 18 2025, 2.303979452000931
21:00, Tue Feb 18 2025, 2.663687921129167
22:00, Tue Feb 18 2025, 3.0349713596515357
23:00, Tue Feb 18 2025, 3.2598131420090795
