00:00, Wed Jan 01 2025, 0.015511256201586582
01:00, Wed Jan 01 2025, 3.415673754757184
02:00, Wed Jan 01 2025, -2.50307831581883
03:00, Wed Jan 01 2025, -1.376253363634378
04:00, Wed Jan 01 2025, -0.35480379915265753
05:00, Wed Jan 01 2025, -0.05951251508562026
06:00, Wed Jan 01 2025, 2.5165548912144153
07:00, Wed Jan 01 2025, 6.157352400106556
08:00, Wed Jan 01 2025, -3.782868772825388
09:00, Wed Jan 01 2025, 1.55836881218646
10:00, Wed Jan 01 2025, 0.12448880745430087
11:00, Wed Jan 01 2025, 0.9960751606870817
12:00, Wed Jan 01 2025, -5.13396736659003
13:00, Wed Jan 01 2025, 0.46696890520337797
14:00, Wed Jan 01 2025, -4.536050619096143
15:00, Wed Jan 01 2025, 1.9029069226010593
16:00, Wed Jan 01 2025, 0.31573892753604316
17:00, Wed Jan 01 2025, 2.1909293478501373
18:00, Wed Jan 01 2025, -1.146744117249873
19:00, Wed Jan 01 2025, 0.39659376253491496
20:00, Wed Jan 01 2025, 1.8167381527756168
21:00, Wed Jan 01 2025, 0.04546416365002269
22:00, Wed Jan 01 2025, -4.628717863066424
23:00, Wed Jan 01 2025, -1.417865811634809
00:00, Thu Jan 02 2025, 1.2549297470539411
01:00, Thu Jan 02 2025, 2.4879285414255254
02:00, Thu Jan 02 2025, -1.8458495648540365
03:00, Thu Jan 02 2025, -0.384076069531596
04:00, Thu Jan 02 2025, 1.3640670496574532
05:00, Thu Jan 02 2025, -1.835236923275955
06:00, Thu Jan 02 2025, 0.16040523717389993
07:00, Thu Jan 02 2025, -1.720364834064083
08:00, Thu Jan 02 2025, 0.6539814566517287
09:00, Thu Jan 02 2025, -2.789957679391419
10:00, Thu Jan 02 2025, 0.2586412515406882
11:00, Thu Jan 02 2025, -3.39482420429799
12:00, Thu Jan 02 2025, 1.2804050172304335
13:00, Thu Jan 02 2025, -1.5599222920777405
14:00, Thu Jan 02 2025, -0.3664462165462089
15:00, Thu Jan 02 2025, -0.20688597919774315
16:00, Thu Jan 02 2025, 0.17789182237620413
17:00, Thu Jan 02 2025, 2.845080227561997
18:00, Thu Jan 02 2025, 2.3642268011949743
19:00, Thu Jan 02 2025, 2.7411309057678745
20:00, Thu Jan 02 2025, 1.4876559751761762
21:00, Thu Jan 02 2025, 4.516366819715765
22:00, Thu Jan 02 2025, 1.2394478041864303
23:00, Thu Jan 02 2025, -1.5147348699428775
00:00, Fri Jan 03 2025, -3.8756640275742873
01:00, Fri Jan 03 2025, 0.004052714130320538
02:00, Fri Jan 03 2025, -6.110697306947356
03:00, Fri Jan 03 2025, -1.0303761287895206
04:00, Fri Jan 03 2025, -4.300108123806034
05:00, Fri Jan 03 2025, 4.320758533554251
06:00, Fri Jan 03 2025, 2.9123044877081288
07:00, Fri Jan 03 2025, -0.8474729219972956
08:00, Fri Jan 03 2025, -1.2687815914136031
09:00, Fri Jan 03 2025, -4.659290164108059
10:00, Fri Jan 03 2025, 2.342226589348408
11:00, Fri Jan 03 2025, -0.30021935223695484
12:00, Fri Jan 03 2025, 2.695350003849979
13:00, Fri Jan 03 2025, -0.5344006180546695
14:00, Fri Jan 03 2025, -2.1257002966244127
15:00, Fri Jan 03 2025, 1.618158250404744
16:00, Fri Jan 03 2025, 0.5922860557436351
17:00, Fri Jan 03 2025, 0.17201055478437421
18:00, Fri Jan 03 2025, 1.905161760888506
19:00, Fri Jan 03 2025, 2.538801275767291
20:00, Fri Jan 03 2025, -0.4661581602869352
21:00, Fri Jan 03 2025, 0.5844181052995974
22:00, Fri Jan 03 2025, -3.3991070297116903
23:00, Fri Jan 03 2025, -1.5193772696500651
00:00, Sat Jan 04 2025, 2.298279565078655
01:00, Sat Jan 04 2025, 0.8144278371881835
02:00, Sat Jan 04 2025, 1.1031365168580485
03:00, Sat Jan 04 2025, 2.2888909594381532
04:00, Sat Jan 04 2025, 3.541994287447129
05:00, Sat Jan 04 2025, -2.9973419065300777
06:00, Sat Jan 04 2025, 0.8961298705932174
07:00, Sat Jan 04 2025, -0.1280134626122628
08:00, Sat Jan 04 2025, 1.1605169772840755
09:00, Sat Jan 04 2025, -1.327435564572578
10:00, Sat Jan 04 2025, 0.8837142147435468
11:00, Sat Jan 04 2025, -1.9835135485562372
12:00, Sat Jan 04 2025, 2.596930500063751
13:00, Sat Jan 04 2025, 0.34164597862840845
14:00, Sat Jan 04 2025, -1.8221838770377208
15:00, Sat Jan 04 2025, -1.5038316000246665
16:00, Sat Jan 04 2025, -5.216475586958595
17:00, Sat Jan 04 2025, 1.8137934041432546
18:00, Sat Jan 04 2025, 3.9143300859740435
19:00, Sat Jan 04 2025, -0.2486964124811208
20:00, Sat Jan 04 2025, 2.1764295536454026
21:00, Sat Jan 04 2025, 0.4795763958395471
22:00, Sat Jan 04 2025, -5.5657216851580325
23:00, Sat Jan 04 2025, 3.4423542235920994
00:00, Sun Jan 05 2025, 5.254826474290982
01:00, Sun Jan 05 2025, -1.6447693623734376
02:00, Sun Jan 05 2025, 3.2931611886971206
03:00, Sun Jan 05 2025, 1.8735185551193703
04:00, Sun Jan 05 2025, -1.006077601259168
05:00, Sun Jan 05 2025, 2.009345802031935
06:00, Sun Jan 05 2025, 0.9262561751099869
07:00, Sun Jan 05 2025, -0.8773816307573348
08:00, Sun Jan 05 2025, 2.8621609048620256
09:00, Sun Jan 05 2025, -0.13650776433218895
10:00, Sun Jan 05 2025, 0.9609110608855231
11:00, Sun Jan 05 2025, 3.0198583062433397
12:00, Sun Jan 05 2025, -0.7404533186984003
13:00, Sun Jan 05 2025, -1.078138740376768
14:00, Sun Jan 05 2025, 1.8635659955918533
15:00, Sun Jan 05 2025, 1.5827283279741908
16:00, Sun Jan 05 2025, 4.251172797549119
17:00, Sun Jan 05 2025, -0.5911569005468738
18:00, Sun Jan 05 2025, -0.5591893843867045
19:00, Sun Jan 05 2025, 2.515533914857961
20:00, Sun Jan 05 2025, 1.9518993454117437
21:00, Sun Jan 05 2025, -1.1238703925689917
22:00, Sun Jan 05 2025, -0.9400989998019832
23:00, Sun Jan 05 2025, -0.8456215436854932
00:00, Mon Jan 06 2025, 4.933881927167774
01:00, Mon Jan 06 2025, -0.40351122979334375
02:00, Mon Jan 06 2025, -2.4351765073074856
03:00, Mon Jan 06 2025, -0.8198167610455463
04:00, Mon Jan 06 2025, 5.114587966500238
05:00, Mon Jan 06 2025, -3.663048852843775
06:00, Mon Jan 06 2025, 4.189588737216992
07:00, Mon Jan 06 2025, -1.1144645556355934
08:00, Mon Jan 06 2025, -1.413562139319511
09:00, Mon Jan 06 2025, 3.6022983801704966
10:00, Mon Jan 06 2025, 5.527315507479729
11:00, Mon Jan 06 2025, -2.1668814357670647
12:00, Mon Jan 06 2025, 0.4206889745216574
13:00, Mon Jan 06 2025, 2.5176926542364257
14:00, Mon Jan 06 2025, 0.4110217200020652
15:00, Mon Jan 06 2025, -2.9421936820762222
16:00, Mon Jan 06 2025, -0.5953962961159943
17:00, Mon Jan 06 2025, -0.6428220978394539
18:00, Mon Jan 06 2025, 0.886420291498068
19:00, Mon Jan 06 2025, -1.8479284410050134
20:00, Mon Jan 06 2025, -1.359116471999825
21:00, Mon Jan 06 2025, 0.6072147099368173
22:00, Mon Jan 06 2025, 0.5680969736679252
23:00, Mon Jan 06 2025, -1.3595642003704211
00:00, Tue Jan 07 2025, 2.7957294704075175
01:00, Tue Jan 07 2025, -0.3254116293774626
02:00, Tue Jan 07 2025, 0.5220818502330751
03:00, Tue Jan 07 2025, 2.521816776163482
04:00, Tue Jan 07 2025, -2.893016371958142
05:00, Tue Jan 07 2025, 3.231519318465522
06:00, Tue Jan 07 2025, -3.3947171676847243
07:00, Tue Jan 07 2025, 1.860293924749699
08:00, Tue Jan 07 2025, -4.855978017601167
09:00, Tue Jan 07 2025, 1.3611711820375492
10:00, Tue Jan 07 2025, -1.2472523831289832
11:00, Tue Jan 07 2025, -0.7395188717225242
12:00, Tue Jan 07 2025, -2.685736986057456
13:00, Tue Jan 07 2025, 1.4918357552922643
14:00, Tue Jan 07 2025, 2.8171787913448183
15:00, Tue Jan 07 2025, -4.320217486618813
16:00, Tue Jan 07 2025, -0.10624003193456258
17:00, Tue Jan 07 2025, 1.846197731445034
18:00, Tue Jan 07 2025, -8.267812786250932
19:00, Tue Jan 07 2025, 1.5360947625907737
20:00, Tue Jan 07 2025, -1.2580332923254804
21:00, Tue Jan 07 2025, -1.9339521222353475
22:00, Tue Jan 07 2025, 0.39785410159681683
23:00, Tue Jan 07 2025, 2.2803172355265247
00:00, Wed Jan 08 2025, -4.158829187377049
01:00, Wed Jan 08 2025, -2.47617185239713
02:00, Wed Jan 08 2025, -3.9434762320007106
03:00, Wed Jan 08 2025, -2.093719822019432
04:00, Wed Jan 08 2025, -3.037084843354147
05:00, Wed Jan 08 2025, 4.395100042602064
06:00, Wed Jan 08 2025, -3.482857210662833
07:00, Wed Jan 08 2025, 0.10710995195723574
08:00, Wed Jan 08 2025, 1.9421532283682037
09:00, Wed Jan 08 2025, 0.4235620679877876
10:00, Wed Jan 08 2025, -2.154159176062687
11:00, Wed Jan 08 2025, 0.3453264570201636
12:00, Wed Jan 08 2025, 0.7485775747737355
13:00, Wed Jan 08 2025, 4.584854946147944
14:00, Wed Jan 08 2025, -1.924410832625917
15:00, Wed Jan 08 2025, 0.8003853366488614
16:00, Wed Jan 08 2025, 1.5352615724478795
17:00, Wed Jan 08 2025, 1.5988439145853037
18:00, Wed Jan 08 2025, -1.7359543020084225
19:00, Wed Jan 08 2025, -0.6555076495717128
20:00, Wed Jan 08 2025, 1.6939072771318378
21:00, Wed Jan 08 2025, -6.584512561925439
22:00, Wed Jan 08 2025, 3.641789423458496
23:00, Wed Jan 08 2025, 1.4304703524424947
00:00, Thu Jan 09 2025, 0.3793033304990809
01:00, Thu Jan 09 2025, 3.92803762143748
02:00, Thu Jan 09 2025, 0.10145996411596761
03:00, Thu Jan 09 2025, 3.9550010630454318
04:00, Thu Jan 09 2025, 1.5876550906377693
05:00, Thu Jan 09 2025, -1.1466581018105424
06:00, Thu Jan 09 2025, -0.38275765221286223
07:00, Thu Jan 09 2025, -1.2886639515276785
08:00, Thu Jan 09 2025, -2.3259555664359794
09:00, Thu Jan 09 2025, -0.7723043667179598
10:00, Thu Jan 09 2025, -2.720836658040562
11:00, Thu Jan 09 2025, 0.9544246567896901
12:00, Thu Jan 09 2025, 2.648459323184829
13:00, Thu Jan 09 2025, 1.2591500458925267
14:00, Thu Jan 09 2025, 1.0660112764915604
15:00, Thu Jan 09 2025, 5.155970078857413
16:00, Thu Jan 09 2025, 0.5085662855527127
17:00, Thu Jan 09 2025, -1.197022062727542
18:00, Thu Jan 09 2025, -0.03805199263233017
19:00, Thu Jan 09 2025, 1.890314912887845
20:00, Thu Jan 09 2025, -5.138453631094141
21:00, Thu Jan 09 2025, -4.93673227723508
22:00, Thu Jan 09 2025, -0.95259418439967
23:00, Thu Jan 09 2025, -1.7009037351095848
00:00, Fri Jan 10 2025, -0.3701322748617587
01:00, Fri Jan 10 2025, -0.7450361910983533
02:00, Fri Jan 10 2025, 2.2343620897600482
03:00, Fri Jan 10 2025, -3.05808644480499
04:00, Fri Jan 10 2025, 1.9067822531418694
05:00, Fri Jan 10 2025, 1.4988721806485097
06:00, Fri Jan 10 2025, 2.1941409793654083
07:00, Fri Jan 10 2025, 1.2481366031745986
08:00, Fri Jan 10 2025, 0.35318913201584934
09:00, Fri Jan 10 2025, 1.3255623722925716
10:00, Fri Jan 10 2025, -0.8652734690061298
11:00, Fri Jan 10 2025, -1.2709326777681182
12:00, Fri Jan 10 2025, -3.1699849023537774
13:00, Fri Jan 10 2025, 0.0988476800318735
14:00, Fri Jan 10 2025, 0.6069933535434381
15:00, Fri Jan 10 2025, 1.0904361277466106
16:00, Fri Jan 10 2025, 1.2501563944888847
17:00, Fri Jan 10 2025, 3.5254574465548805
18:00, Fri Jan 10 2025, 0.03078095447789911
19:00, Fri Jan 10 2025, -0.9051326966910569
20:00, Fri Jan 10 2025, -2.4273800284221254
21:00, Fri Jan 10 2025, -4.613814272809615
22:00, Fri Jan 10 2025, 3.0436897794497915
23:00, Fri Jan 10 2025, -2.381276713500659
00:00, Sat Jan 11 2025, 2.715569979192551
01:00, Sat Jan 11 2025, -2.6296622538668215
02:00, Sat Jan 11 2025, -2.3228956819233373
03:00, Sat Jan 11 2025, -0.12751364019334804
04:00, Sat Jan 11 2025, 0.5808304885250425
05:00, Sat Jan 11 2025, 0.028433865541321064
06:00, Sat Jan 11 2025, -1.3476017398892721
07:00, Sat Jan 11 2025, 1.4951630345382534
08:00, Sat Jan 11 2025, 4.809262420020815
09:00, Sat Jan 11 2025, 0.28987071624888605
10:00, Sat Jan 11 2025, 0.3195420823586847
11:00, Sat Jan 11 2025, -0.7969843919706078
12:00, Sat Jan 11 2025, -1.8487921988807656
13:00, Sat Jan 11 2025, 3.189256435399246
14:00, Sat Jan 11 2025, -2.6960528734794686
15:00, Sat Jan 11 2025, 2.225583535355965
16:00, Sat Jan 11 2025, 5.149580246438318
17:00, Sat Jan 11 2025, 0.48276555096653706
18:00, Sat Jan 11 2025, -0.5007145427404825
19:00, Sat Jan 11 2025, 4.112991894046727
20:00, Sat Jan 11 2025, 1.1559226306626078
21:00, Sat Jan 11 2025, 0.6524782892526684
22:00, Sat Jan 11 2025, -1.8241945874251018
23:00, Sat Jan 11 2025, 0.8383996666852715
00:00, Sun Jan 12 2025, 1.312115883025751
01:00, Sun Jan 12 2025, -0.9036043718806784
02:00, Sun Jan 12 2025, -0.8071481840335605
03:00, Sun Jan 12 2025, -2.971565083465954
04:00, Sun Jan 12 2025, 1.003241891310148
05:00, Sun Jan 12 2025, 0.0713337765593339
06:00, Sun Jan 12 2025, 0.64134106056717
07:00, Sun Jan 12 2025, -2.1230005804224676
08:00, Sun Jan 12 2025, -3.4199501934665326
09:00, Sun Jan 12 2025, -3.588464335189495
10:00, Sun Jan 12 2025, 1.8490306358118374
11:00, Sun Jan 12 2025, 1.9554304777380254
12:00, Sun Jan 12 2025, -0.32170181011483445
13:00, Sun Jan 12 2025, -4.156871643469694
14:00, Sun Jan 12 2025, 3.8645120629223024
15:00, Sun Jan 12 2025, 1.2411110929185583
16:00, Sun Jan 12 2025, 0.5896639508064171
17:00, Sun Jan 12 2025, 3.242445065033955
18:00, Sun Jan 12 2025, 2.1428111585383816
19:00, Sun Jan 12 2025, -1.518521545758211
20:00, Sun Jan 12 2025, -5.7261045244553435
21:00, Sun Jan 12 2025, 0.6271034903167252
22:00, Sun Jan 12 2025, -1.6470921197322963
23:00, Sun Jan 12 2025, 0.21419537721369244
00:00, Mon Jan 13 2025, 3.5381936969482815
01:00, Mon Jan 13 2025, -0.7181248233611841
02:00, Mon Jan 13 2025, -0.3198820856513667
03:00, Mon Jan 13 2025, 2.4391852635364457
04:00, Mon Jan 13 2025, 4.185739435442089
05:00, Mon Jan 13 2025, 1.3378593741974139
06:00, Mon Jan 13 2025, 1.2386499836435845
07:00, Mon Jan 13 2025, 3.4666169448521913
08:00, Mon Jan 13 2025, 2.905620870865448
09:00, Mon Jan 13 2025, -0.07446256747131372
10:00, Mon Jan 13 2025, -1.4701005219502377
11:00, Mon Jan 13 2025, 3.6082987458813647
12:00, Mon Jan 13 2025, -4.07533096922306
13:00, Mon Jan 13 2025, 4.728234478517833
14:00, Mon Jan 13 2025, 1.5082723431100018
15:00, Mon Jan 13 2025, 1.0529683465097393
16:00, Mon Jan 13 2025, -0.16253014743934402
17:00, Mon Jan 13 2025, 0.9914843672170448
18:00, Mon Jan 13 2025, -2.094211178005185
19:00, Mon Jan 13 2025, 2.3215851311121245
20:00, Mon Jan 13 2025, 0.18885083489058388
21:00, Mon Jan 13 2025, 2.380002101564017
22:00, Mon Jan 13 2025, -1.9160664746881373
23:00, Mon Jan 13 2025, -0.9195176780895646
00:00, Tue Jan 14 2025, -1.722170569878792
01:00, Tue Jan 14 2025, 1.861117101119698
02:00, Tue Jan 14 2025, 4.691446130160846
03:00, Tue Jan 14 2025, 1.435382604606862
04:00, Tue Jan 14 2025, 1.6279722650348003
05:00, Tue Jan 14 2025, -0.928032621011783
06:00, Tue Jan 14 2025, 3.121538217166942
07:00, Tue Jan 14 2025, -0.6306307691093581
08:00, Tue Jan 14 2025, -3.458997897381347
09:00, Tue Jan 14 2025, 2.444290454693839
10:00, Tue Jan 14 2025, -1.2101726110568058
11:00, Tue Jan 14 2025, 0.8115354420146336
12:00, Tue Jan 14 2025, 2.354207459959952
13:00, Tue Jan 14 2025, -1.0221816598141162
14:00, Tue Jan 14 2025, 1.8623139971957314
15:00, Tue Jan 14 2025, -0.5803626191195892
16:00, Tue Jan 14 2025, 3.8015879568649136
17:00, Tue Jan 14 2025, -0.3062689598880177
18:00, Tue Jan 14 2025, 0.15400431960859978
19:00, Tue Jan 14 2025, -4.0261286837838925
20:00, Tue Jan 14 2025, -0.13488159081892395
21:00, Tue Jan 14 2025, 0.05386974998738258
22:00, Tue Jan 14 2025, 2.1280103304968776
23:00, Tue Jan 14 2025, -4.558091477494325
00:00, Wed Jan 15 2025, -4.599394602447592
01:00, Wed Jan 15 2025, -1.6853569895669727
02:00, Wed Jan 15 2025, -1.808573565701272
03:00, Wed Jan 15 2025, 2.597805359631012
04:00, Wed Jan 15 2025, 2.339995441607101
05:00, Wed Jan 15 2025, -2.5104774921176407
06:00, Wed Jan 15 2025, 1.8361480128525045
07:00, Wed Jan 15 2025, -4.562357398242734
08:00, Wed Jan 15 2025, 0.4470119031980099
09:00, Wed Jan 15 2025, 2.087803463348909
10:00, Wed Jan 15 2025, 0.037722017144715715
11:00, Wed Jan 15 2025, 0.7427989694033099
12:00, Wed Jan 15 2025, 2.4790507630173004
13:00, Wed Jan 15 2025, -2.6225850485767763
14:00, Wed Jan 15 2025, -0.9387654188492979
15:00, Wed Jan 15 2025, -2.7197972852763037
16:00, Wed Jan 15 2025, -1.8517789010459595
17:00, Wed Jan 15 2025, 1.4481207601522046
18:00, Wed Jan 15 2025, -2.3889736919641376
19:00, Wed Jan 15 2025, 5.733540180848305
20:00, Wed Jan 15 2025, 1.2183678457072056
21:00, Wed Jan 15 2025, -2.2842781192307866
22:00, Wed Jan 15 2025, -0.9483316435139628
23:00, Wed Jan 15 2025, -0.33485946060639804
00:00, Thu Jan 16 2025, -7.990212778363155
01:00, Thu Jan 16 2025, -1.1850766333978262
02:00, Thu Jan 16 2025, 4.690769890701131
03:00, Thu Jan 16 2025, 1.051423451390512
04:00, Thu Jan 16 2025, -4.2418721745565575
05:00, Thu Jan 16 2025, 0.8337249920704614
06:00, Thu Jan 16 2025, -1.3037784538684185
07:00, Thu Jan 16 2025, -4.3896721568958945
08:00, Thu Jan 16 2025, -0.146072678017598
09:00, Thu Jan 16 2025, -0.4950253259866375
10:00, Thu Jan 16 2025, -0.1945297465494292
11:00, Thu Jan 16 2025, -5.052661226744282
12:00, Thu Jan 16 2025, -3.075082304680385
13:00, Thu Jan 16 2025, -1.5182844446154427
14:00, Thu Jan 16 2025, 2.4088212819775228
15:00, Thu Jan 16 2025, 1.9471379299057374
16:00, Thu Jan 16 2025, 1.2417930908772261
17:00, Thu Jan 16 2025, 1.6917721234835794
18:00, Thu Jan 16 2025, -2.194069056993372
19:00, Thu Jan 16 2025, 0.7495784206225
20:00, Thu Jan 16 2025, 0.34024842448718784
21:00, Thu Jan 16 2025, -2.386661876082766
22:00, Thu Jan 16 2025, -0.5563259738695738
23:00, Thu Jan 16 2025, 5.296456349198859
00:00, Fri Jan 17 2025, -2.4778709119401503
01:00, Fri Jan 17 2025, -1.2074442724518124
02:00, Fri Jan 17 2025, 1.3855050423690454
03:00, Fri Jan 17 2025, -4.5078764020875015
04:00, Fri Jan 17 2025, 0.8785533899857176
05:00, Fri Jan 17 2025, 1.0513292125915057
06:00, Fri Jan 17 2025, -1.418287200944466
07:00, Fri Jan 17 2025, 1.2449675662574617
08:00, Fri Jan 17 2025, 1.0244346737376082
09:00, Fri Jan 17 2025, 0.7781029258179295
10:00, Fri Jan 17 2025, -2.92142413816993
11:00, Fri Jan 17 2025, -0.5441971706612996
12:00, Fri Jan 17 2025, 3.8356842882996
13:00, Fri Jan 17 2025, 1.3398417882340392
14:00, Fri Jan 17 2025, -1.6169801895491862
15:00, Fri Jan 17 2025, -1.267222040462195
16:00, Fri Jan 17 2025, 4.4074950749927915
17:00, Fri Jan 17 2025, 4.600541868236966
18:00, Fri Jan 17 2025, -2.27035797365669
19:00, Fri Jan 17 2025, -0.4931249471073737
20:00, Fri Jan 17 2025, 1.0422266164223468
21:00, Fri Jan 17 2025, 0.4276715714989622
22:00, Fri Jan 17 2025, -3.057117225717696
23:00, Fri Jan 17 2025, -2.0627785669575
00:00, Sat Jan 18 2025, 1.4047152151805922
01:00, Sat Jan 18 2025, -0.36908240526923575
02:00, Sat Jan 18 2025, 0.3280307306981308
03:00, Sat Jan 18 2025, 1.9049122391323476
04:00, Sat Jan 18 2025, -2.2723028860407326
05:00, Sat Jan 18 2025, -4.667863142120011
06:00, Sat Jan 18 2025, -1.7589449409897637
07:00, Sat Jan 18 2025, -0.011322050906651445
08:00, Sat Jan 18 2025, -1.688629079694934
09:00, Sat Jan 18 2025, -2.626207016717838
10:00, Sat Jan 18 2025, 4.064415340013159
11:00, Sat Jan 18 2025, -2.729004141118714
12:00, Sat Jan 18 2025, 2.9327052068555117
13:00, Sat Jan 18 2025, 2.0920021849392914
14:00, Sat Jan 18 2025, -5.0731964067271225
15:00, Sat Jan 18 2025, 3.0362856071669713
16:00, Sat Jan 18 2025, -0.008435306138234993
17:00, Sat Jan 18 2025, 3.5284058117538164
18:00, Sat Jan 18 2025, -1.1125695143123735
19:00, Sat Jan 18 2025, 4.07929983061879
20:00, Sat Jan 18 2025, -1.4953196912363462
21:00, Sat Jan 18 2025, 0.9540483925940219
22:00, Sat Jan 18 2025, -3.854687620689465
23:00, Sat Jan 18 2025, -3.073447176468911
00:00, Sun Jan 19 2025, -2.9537469109048775
01:00, Sun Jan 19 2025, 3.7341463139326874
02:00, Sun Jan 19 2025, -5.4763356689628315
03:00, Sun Jan 19 2025, -1.5684688505323559
04:00, Sun Jan 19 2025, 4.3159458193493
05:00, Sun Jan 19 2025, -0.7191770485181991
06:00, Sun Jan 19 2025, 0.16311338578304832
07:00, Sun Jan 19 2025, -1.2672499636098893
08:00, Sun Jan 19 2025, 0.4030615908583445
09:00, Sun Jan 19 2025, -2.7642786232029697
10:00, Sun Jan 19 2025, -1.8821803259775585
11:00, Sun Jan 19 2025, -4.77519206418232
12:00, Sun Jan 19 2025, 1.4085179815453261
13:00, Sun Jan 19 2025, 3.696362149677967
14:00, Sun Jan 19 2025, -2.3003073919284542
15:00, Sun Jan 19 2025, -2.0913686872848993
16:00, Sun Jan 19 2025, 0.3186357536150455
17:00, Sun Jan 19 2025, -2.399896485137721
18:00, Sun Jan 19 2025, 0.9860763503455445
19:00, Sun Jan 19 2025, 2.942662938693334
20:00, Sun Jan 19 2025, 2.223402185619176
21:00, Sun Jan 19 2025, -1.073176989223895
22:00, Sun Jan 19 2025, -1.3214986296996147
23:00, Sun Jan 19 2025, 0.7526129653008582
00:00, Mon Jan 20 2025, 2.288549104750785
01:00, Mon Jan 20 2025, -1.068835654303103
02:00, Mon Jan 20 2025, 0.7691080961488714
03:00, Mon Jan 20 2025, -0.12081108108945167
04:00, Mon Jan 20 2025, -3.7324836072037937
05:00, Mon Jan 20 2025, -1.555884225423764
06:00, Mon Jan 20 2025, -0.45307977717371634
07:00, Mon Jan 20 2025, -2.683507987974961
08:00, Mon Jan 20 2025, -1.4276318766497063
09:00, Mon Jan 20 2025, -1.20259064289628
10:00, Mon Jan 20 2025, 4.268665411617221
11:00, Mon Jan 20 2025, 2.35440083533824
12:00, Mon Jan 20 2025, -0.7322805480680011
13:00, Mon Jan 20 2025, 0.5251576750257834
14:00, Mon Jan 20 2025, 2.769514455784936
15:00, Mon Jan 20 2025, -2.9605548248431095
16:00, Mon Jan 20 2025, 0.7409428098997464
17:00, Mon Jan 20 2025, 1.1118957243325214
18:00, Mon Jan 20 2025, -0.5582822273717687
19:00, Mon Jan 20 2025, 2.230497325995281
20:00, Mon Jan 20 2025, 1.8908137162932657
21:00, Mon Jan 20 2025, 2.7124843884491145
22:00, Mon Jan 20 2025, 2.916940945244363
23:00, Mon Jan 20 2025, -2.234115770269873
00:00, Tue Jan 21 2025, -2.452274578727428
01:00, Tue Jan 21 2025, 2.2838891482389228
02:00, Tue Jan 21 2025, 0.2097653050610574
03:00, Tue Jan 21 2025, -2.417810702835423
04:00, Tue Jan 21 2025, 0.19310001774206548
05:00, Tue Jan 21 2025, -0.9602042466475262
06:00, Tue Jan 21 2025, -0.8814980945392202
07:00, Tue Jan 21 2025, 0.5441501195619955
08:00, Tue Jan 21 2025, -1.3187849569879821
09:00, Tue Jan 21 2025, -1.4523574780983897
10:00, Tue Jan 21 2025, -0.6988124293601508
11:00, Tue Jan 21 2025, 4.954575636044405
12:00, Tue Jan 21 2025, -0.9762572202183649
13:00, Tue Jan 21 2025, -5.194699212844873
14:00, Tue Jan 21 2025, -1.4864896900875146
15:00, Tue Jan 21 2025, 0.21605264233502935
16:00, Tue Jan 21 2025, -2.0257496709025693
17:00, Tue Jan 21 2025, -1.7806492136739163
18:00, Tue Jan 21 2025, -0.2046528754631255
19:00, Tue Jan 21 2025, 4.323738278145345
20:00, Tue Jan 21 2025, -0.015069860068281302
21:00, Tue Jan 21 2025, -1.05200955482974
22:00, Tue Jan 21 2025, 1.397549016961411
23:00, Tue Jan 21 2025, -2.4300733000409425
00:00, Wed Jan 22 2025, 3.341960264044981
01:00, Wed Jan 22 2025, -7.057066772809742
02:00, Wed Jan 22 2025, -3.3007723800769972
03:00, Wed Jan 22 2025, 5.637112397121569
04:00, Wed Jan 22 2025, -2.0024910547132064
05:00, Wed Jan 22 2025, -2.887040961041532
06:00, Wed Jan 22 2025, -4.049377892521813
07:00, Wed Jan 22 2025, -2.0343993544882095
08:00, Wed Jan 22 2025, 2.6994045477985584
09:00, Wed Jan 22 2025, -1.2346423605818435
10:00, Wed Jan 22 2025, -5.485345294107898
11:00, Wed Jan 22 2025, -0.9704779215470258
12:00, Wed Jan 22 2025, -1.1407142173476754
13:00, Wed Jan 22 2025, 1.6461258723906913
14:00, Wed Jan 22 2025, 2.157089812391062
15:00, Wed Jan 22 2025, -0.9366709339755842
16:00, Wed Jan 22 2025, -2.3496083594380366
17:00, Wed Jan 22 2025, -1.3761525504438694
18:00, Wed Jan 22 2025, -0.8386811590889705
19:00, Wed Jan 22 2025, -0.062495110247390406
20:00, Wed Jan 22 2025, -0.38502458457109057
21:00, Wed Jan 22 2025, -1.6769014158749682
22:00, Wed Jan 22 2025, 1.7676909131709393
23:00, Wed Jan 22 2025, 2.8631755646429835
00:00, Thu Jan 23 2025, 1.1635357643746957
01:00, Thu Jan 23 2025, -0.1723876148854726
02:00, Thu Jan 23 2025, -2.2650081791278494
03:00, Thu Jan 23 2025, 3.836196044938279
04:00, Thu Jan 23 2025, 1.4221832673148889
05:00, Thu Jan 23 2025, -1.6077994028403209
06:00, Thu Jan 23 2025, 1.5499727184619472
07:00, Thu Jan 23 2025, -2.022104568754429
08:00, Thu Jan 23 2025, -0.0826390282423286
09:00, Thu Jan 23 2025, 0.8176036686628364
10:00, Thu Jan 23 2025, -1.4776977399250408
11:00, Thu Jan 23 2025, -0.8349049800447149
12:00, Thu Jan 23 2025, 1.1467165537391029
13:00, Thu Jan 23 2025, 0.520299283941634
14:00, Thu Jan 23 2025, -1.4949085811264364
15:00, Thu Jan 23 2025, -2.843000935472629
16:00, Thu Jan 23 2025, 1.7471694746594024
17:00, Thu Jan 23 2025, -1.5408384256244574
18:00, Thu Jan 23 2025, 0.11810914136573092
19:00, Thu Jan 23 2025, 1.568674859653715
20:00, Thu Jan 23 2025, 0.5369634620381616
21:00, Thu Jan 23 2025, -5.0339872992049
22:00, Thu Jan 23 2025, 2.5412531627319286
23:00, Thu Jan 23 2025, -1.3187218394523055
00:00, Fri Jan 24 2025, -1.5742913229020303
01:00, Fri Jan 24 2025, 0.253884419879623
02:00, Fri Jan 24 2025, -0.1665271610613076
03:00, Fri Jan 24 2025, -3.018695459767735
04:00, Fri Jan 24 2025, -2.0215579595283915
05:00, Fri Jan 24 2025, 0.6329020831312387
06:00, Fri Jan 24 2025, 2.727503078005484
07:00, Fri Jan 24 2025, 0.6027355939032509
08:00, Fri Jan 24 2025, -0.28611840905857217
09:00, Fri Jan 24 2025, -2.661404739638804
10:00, Fri Jan 24 2025, 2.4901588806003905
11:00, Fri Jan 24 2025, -0.3725572027706925
12:00, Fri Jan 24 2025, -2.2172848773114877
13:00, Fri Jan 24 2025, 0.5243366964089482
14:00, Fri Jan 24 2025, 0.8302017134504984
15:00, Fri Jan 24 2025, -1.5467827536205245
16:00, Fri Jan 24 2025, -0.39452721799441615
17:00, Fri Jan 24 2025, 0.9351230146746482
18:00, Fri Jan 24 2025, 1.7451702768979647
19:00, Fri Jan 24 2025, -0.4427084396679801
20:00, Fri Jan 24 2025, 4.168837697061647
21:00, Fri Jan 24 2025, -2.1053777514298484
22:00, Fri Jan 24 2025, 3.0417211252730567
23:00, Fri Jan 24 2025, 2.807533405349279
00:00, Sat Jan 25 2025, 0.5299051515600788
01:00, Sat Jan 25 2025, -2.175801314054486
02:00, Sat Jan 25 2025, 1.538593308033374
03:00, Sat Jan 25 2025, -0.687881539641092
04:00, Sat Jan 25 2025, -0.1628610284285034
05:00, Sat Jan 25 2025, 0.6601466615286067
06:00, Sat Jan 25 2025, 4.006251692601433
07:00, Sat Jan 25 2025, -0.8333909592773554
08:00, Sat Jan 25 2025, 0.8857558088298473
09:00, Sat Jan 25 2025, -1.0431544443037237
10:00, Sat Jan 25 2025, -2.0334656301475524
11:00, Sat Jan 25 2025, -0.5592927325199247
12:00, Sat Jan 25 2025, 0.9567285141909623
13:00, Sat Jan 25 2025, -0.6202142284271696
14:00, Sat Jan 25 2025, 0.6591674838717366
15:00, Sat Jan 25 2025, 4.876074502128248
16:00, Sat Jan 25 2025, -2.0180923261983077
17:00, Sat Jan 25 2025, 2.2890597404376236
18:00, Sat Jan 25 2025, 1.1154934896830058
19:00, Sat Jan 25 2025, -1.6202791516123316
20:00, Sat Jan 25 2025, -0.3051859478071356
21:00, Sat Jan 25 2025, -0.971126360721648
22:00, Sat Jan 25 2025, -1.678177298793642
23:00, Sat Jan 25 2025, 0.6408028534782957
00:00, Sun Jan 26 2025, -1.5207416587898228
01:00, Sun Jan 26 2025, -0.225929215363525
02:00, Sun Jan 26 2025, 2.515422246159637
03:00, Sun Jan 26 2025, 0.024129413133149064
04:00, Sun Jan 26 2025, -1.4653651649412605
05:00, Sun Jan 26 2025, -1.2163845016046002
06:00, Sun Jan 26 2025, -2.149302278751921
07:00, Sun Jan 26 2025, -2.4886760034380346
08:00, Sun Jan 26 2025, -2.4355222086487274
09:00, Sun Jan 26 2025, 0.5347031719323413
10:00, Sun Jan 26 2025, 5.08384463400103
11:00, Sun Jan 26 2025, -2.9275776398689697
12:00, Sun Jan 26 2025, -0.5598563352316486
13:00, Sun Jan 26 2025, 0.1999447188918047
14:00, Sun Jan 26 2025, -3.1365882799997435
15:00, Sun Jan 26 2025, 1.9822237574069912
16:00, Sun Jan 26 2025, -0.9343131096522115
17:00, Sun Jan 26 2025, -0.8764226466665332
18:00, Sun Jan 26 2025, -2.239277710484502
19:00, Sun Jan 26 2025, 1.1827593236380898
20:00, Sun Jan 26 2025, 0.8006230000783463
21:00, Sun Jan 26 2025, -4.750569846682143
22:00, Sun Jan 26 2025, -1.769770477641849
23:00, Sun Jan 26 2025, -0.3877032816033331
00:00, Mon Jan 27 2025, -5.612936585222754
01:00, Mon Jan 27 2025, -1.914403415721722
02:00, Mon Jan 27 2025, 1.1147393722609271
03:00, Mon Jan 27 2025, 2.0513889191102552
04:00, Mon Jan 27 2025, 4.279279866226319
05:00, Mon Jan 27 2025, 2.087410209859663
06:00, Mon Jan 27 2025, -1.6331614692493055
07:00, Mon Jan 27 2025, -2.8203866594147757
08:00, Mon Jan 27 2025, -4.769896571204174
09:00, Mon Jan 27 2025, 1.6755167310154846
10:00, Mon Jan 27 2025, 1.3402273782325944
11:00, Mon Jan 27 2025, -0.4281031094319731
12:00, Mon Jan 27 2025, 4.251103560997792
13:00, Mon Jan 27 2025, 2.988792374410451
14:00, Mon Jan 27 2025, -0.6119409285862709
15:00, Mon Jan 27 2025, -0.5811084918987536
16:00, Mon Jan 27 2025, 3.2095860866636103
17:00, Mon Jan 27 2025, -0.4889527331757618
18:00, Mon Jan 27 2025, -3.3482009617056963
19:00, Mon Jan 27 2025, 5.072010331302535
20:00, Mon Jan 27 2025, 1.9271404016906577
21:00, Mon Jan 27 2025, -0.8202967971030705
22:00, Mon Jan 27 2025, 1.7608273440723352
23:00, Mon Jan 27 2025, -3.739248063899444
00:00, Tue Jan 28 2025, 0.15918362125627208
01:00, Tue Jan 28 2025, -1.1762783860759343
02:00, Tue Jan 28 2025, -1.23736630333592
03:00, Tue Jan 28 2025, -4.380092667857113
04:00, Tue Jan 28 2025, 3.4948734597012345
05:00, Tue Jan 28 2025, 2.526399818914668
06:00, Tue Jan 28 2025, 1.490357091557978
07:00, Tue Jan 28 2025, 3.2632952687451278
08:00, Tue Jan 28 2025, -0.4965131238584656
09:00, Tue Jan 28 2025, 2.1617342956143806
10:00, Tue Jan 28 2025, 3.6117539611584117
11:00, Tue Jan 28 2025, -3.873780112725413
12:00, Tue Jan 28 2025, -2.998351183333199
13:00, Tue Jan 28 2025, -2.670592510787291
14:00, Tue Jan 28 2025, 1.9978720538330264
15:00, Tue Jan 28 2025, -0.29826130597567213
16:00, Tue Jan 28 2025, -4.616841042199459
17:00, Tue Jan 28 2025, -0.8630952609966118
18:00, Tue Jan 28 2025, -1.1168135721541326
19:00, Tue Jan 28 2025, 1.1365360333494055
20:00, Tue Jan 28 2025, -0.18643819434839642
21:00, Tue Jan 28 2025, -2.531031372179442
22:00, Tue Jan 28 2025, 5.331767981799919
23:00, Tue Jan 28 2025, -0.5668202223420125
00:00, Wed Jan 29 2025, -0.39804409151414366
01:00, Wed Jan 29 2025, 2.929323210790235
02:00, Wed Jan 29 2025, -2.3174502196915228
03:00, Wed Jan 29 2025, 1.65039439908671
04:00, Wed Jan 29 2025, 0.37266619237859455
05:00, Wed Jan 29 2025, 0.42978765018285964
06:00, Wed Jan 29 2025, -1.5401729645770115
07:00, Wed Jan 29 2025, 3.8969240243871
08:00, Wed Jan 29 2025, 0.43885321353184914
09:00, Wed Jan 29 2025, -0.8393706596264607
10:00, Wed Jan 29 2025, -2.0447052601725964
11:00, Wed Jan 29 2025, 1.8375862472809366
12:00, Wed Jan 29 2025, 1.950799121698164
13:00, Wed Jan 29 2025, 2.2490048026911427
14:00, Wed Jan 29 2025, -0.2305418508556402
15:00, Wed Jan 29 2025, 2.6447151475761164
16:00, Wed Jan 29 2025, 1.4737964743606022
17:00, Wed Jan 29 2025, 3.683275923676395
18:00, Wed Jan 29 2025, 1.1918753035543401
19:00, Wed Jan 29 2025, 3.7265386775987075
20:00, Wed Jan 29 2025, 2.6449229057148127
21:00, Wed Jan 29 2025, -2.9645923514117656
22:00, Wed Jan 29 2025, -4.718563791041978
23:00, Wed Jan 29 2025, -1.1636686949707953
00:00, Thu Jan 30 2025, -1.6730092105668164
01:00, Thu Jan 30 2025, 0.575558408857223
02:00, Thu Jan 30 2025, 2.9401464300089475
03:00, Thu Jan 30 2025, -0.32853182443127465
04:00, Thu Jan 30 2025, 0.9778427195141748
05:00, Thu Jan 30 2025, -2.7845313821857944
06:00, Thu Jan 30 2025, -3.258221036343552
07:00, Thu Jan 30 2025, -0.7825228194226317
08:00, Thu Jan 30 2025, 2.849445348075092
09:00, Thu Jan 30 2025, 0.6705792753654166
10:00, Thu Jan 30 2025, -0.6881886754442461
11:00, Thu Jan 30 2025, 4.012857632587174
12:00, Thu Jan 30 2025, -0.10326007223977224
13:00, Thu Jan 30 2025, -1.0907971608496179
14:00, Thu Jan 30 2025, 3.088642007834064
15:00, Thu Jan 30 2025, -0.569901371818869
16:00, Thu Jan 30 2025, 2.7833772849674694
17:00, Thu Jan 30 2025, -1.955020460326825
18:00, Thu Jan 30 2025, 4.24830874785917
19:00, Thu Jan 30 2025, 2.9467441227899576
20:00, Thu Jan 30 2025, -1.252786088206922
21:00, Thu Jan 30 2025, 0.9928600122861897
22:00, Thu Jan 30 2025, 0.5883435792522794
23:00, Thu Jan 30 2025, -0.9800642403337368
00:00, Fri Jan 31 2025, -3.791047663747979
01:00, Fri Jan 31 2025, -2.212872119473928
02:00, Fri Jan 31 2025, 2.2567563818448715
03:00, Fri Jan 31 2025, 0.5366214982031274
04:00, Fri Jan 31 2025, -0.8146917144533736
05:00, Fri Jan 31 2025, 0.31027155537656054
06:00, Fri Jan 31 2025, -1.4866132135627232
07:00, Fri Jan 31 2025, 2.410437979995341
08:00, Fri Jan 31 2025, 3.10481058372598
09:00, Fri Jan 31 2025, 1.9904002131189462
10:00, Fri Jan 31 2025, -2.4774245941871147
11:00, Fri Jan 31 2025, -3.898520416792751
12:00, Fri Jan 31 2025, -0.7529720249579358
13:00, Fri Jan 31 2025, 3.181160481417813
14:00, Fri Jan 31 2025, -4.2764799972624665
15:00, Fri Jan 31 2025, -0.5163174172549669
16:00, Fri Jan 31 2025, 1.6473789200105178
17:00, Fri Jan 31 2025, 4.1798667525022495
18:00, Fri Jan 31 2025, 0.37806027065038506
19:00, Fri Jan 31 2025, -0.9593632536721258
20:00, Fri Jan 31 2025, -1.913557280596874
21:00, Fri Jan 31 2025, -1.9676872557554388
22:00, Fri Jan 31 2025, -1.0504479010554089
23:00, Fri Jan 31 2025, 0.8221925542101431
00:00, Sat Feb 01 2025, 4.2003922412817545
01:00, Sat Feb 01 2025, -5.662832063610244
02:00, Sat Feb 01 2025, -1.6352568155968863
03:00, Sat Feb 01 2025, -3.2430349075065608
04:00, Sat Feb 01 2025, 1.8928082495220404
05:00, Sat Feb 01 2025, -0.9798156615854708
06:00, Sat Feb 01 2025, 2.3049786110056902
07:00, Sat Feb 01 2025, -1.416374060066493
08:00, Sat Feb 01 2025, -1.3776459473288165
09:00, Sat Feb 01 2025, -1.1381061122448664
10:00, Sat Feb 01 2025, -1.3918267203758663
11:00, Sat Feb 01 2025, -1.2350517205030178
12:00, Sat Feb 01 2025, 1.5555882406305668
13:00, Sat Feb 01 2025, 0.6680076146119934
14:00, Sat Feb 01 2025, 3.8560382532535282
15:00, Sat Feb 01 2025, 3.154609034851965
16:00, Sat Feb 01 2025, -3.3987582968431123
17:00, Sat Feb 01 2025, 4.447683618663618
18:00, Sat Feb 01 2025, -0.9173453488144043
19:00, Sat Feb 01 2025, 1.575994885720526
20:00, Sat Feb 01 2025, 2.454258547916259
21:00, Sat Feb 01 2025, -4.040285622271719
22:00, Sat Feb 01 2025, 0.8333329323161792
23:00, Sat Feb 01 2025, 2.758593810539866
00:00, Sun Feb 02 2025, -1.6112094573220306
01:00, Sun Feb 02 2025, 0.8085151096451964
02:00, Sun Feb 02 2025, 4.593798504185158
03:00, Sun Feb 02 2025, -2.7045493146028567
04:00, Sun Feb 02 2025, -1.0916351378073939
05:00, Sun Feb 02 2025, -0.7914103358099638
06:00, Sun Feb 02 2025, 0.614572651998351
07:00, Sun Feb 02 2025, -0.261387516649331
08:00, Sun Feb 02 2025, 2.050146391528328
09:00, Sun Feb 02 2025, -2.3418658049171217
10:00, Sun Feb 02 2025, 0.9219795244712932
11:00, Sun Feb 02 2025, 5.181197599483921
12:00, Sun Feb 02 2025, -0.7803473478546225
13:00, Sun Feb 02 2025, -1.8405587978976679
14:00, Sun Feb 02 2025, 2.644049321858004
15:00, Sun Feb 02 2025, 0.901709506695991
16:00, Sun Feb 02 2025, 1.6835880908340948
17:00, Sun Feb 02 2025, -0.09583792832028762
18:00, Sun Feb 02 2025, -2.385283077792513
19:00, Sun Feb 02 2025, -2.9693963649330506
20:00, Sun Feb 02 2025, 0.4033594646653479
21:00, Sun Feb 02 2025, -3.097364927137507
22:00, Sun Feb 02 2025, -2.563412415956189
23:00, Sun Feb 02 2025, -2.7869788356530147
00:00, Mon Feb 03 2025, -1.3317048952819852
01:00, Mon Feb 03 2025, 0.013740546232201098
02:00, Mon Feb 03 2025, -0.31417906524403283
03:00, Mon Feb 03 2025, 1.6328891072233
04:00, Mon Feb 03 2025, -1.6037157059174965
05:00, Mon Feb 03 2025, 2.3931519642424184
06:00, Mon Feb 03 2025, 2.4109734940372847
07:00, Mon Feb 03 2025, 1.0322059584255683
08:00, Mon Feb 03 2025, 2.3308996487598166
09:00, Mon Feb 03 2025, 4.470226068027206
10:00, Mon Feb 03 2025, -2.503639764350363
11:00, Mon Feb 03 2025, 7.035206210994315
12:00, Mon Feb 03 2025, 2.64220798353483
13:00, Mon Feb 03 2025, -2.4831435775369783
14:00, Mon Feb 03 2025, 0.5611652698374282
15:00, Mon Feb 03 2025, -0.792075091003085
16:00, Mon Feb 03 2025, 4.849432159811542
17:00, Mon Feb 03 2025, 1.2202861874435253
18:00, Mon Feb 03 2025, 2.48210177609916
19:00, Mon Feb 03 2025, 3.2566944505137263
20:00, Mon Feb 03 2025, 0.502408184550309
21:00, Mon Feb 03 2025, -2.9123936061446805
22:00, Mon Feb 03 2025, -2.0778394732285626
23:00, Mon Feb 03 2025, 4.420202757522958
00:00, Tue Feb 04 2025, -1.861716512359401
01:00, Tue Feb 04 2025, 1.0499610511824755
02:00, Tue Feb 04 2025, 1.9552031273584793
03:00, Tue Feb 04 2025, -2.4140833983508396
04:00, Tue Feb 04 2025, -2.828099757456072
05:00, Tue Feb 04 2025, 0.18844585314615114
06:00, Tue Feb 04 2025, -0.058295345778934596
07:00, Tue Feb 04 2025, -2.171468967322459
08:00, Tue Feb 04 2025, -1.7960549903346688
09:00, Tue Feb 04 2025, 1.5220330042697452
10:00, Tue Feb 04 2025, 0.8724932958749705
11:00, Tue Feb 04 2025, 3.8085416842145476
12:00, Tue Feb 04 2025, -0.12887854158451761
13:00, Tue Feb 04 2025, 0.35798239142110333
14:00, Tue Feb 04 2025, -0.7410413535608408
15:00, Tue Feb 04 2025, 0.11372488306230483
16:00, Tue Feb 04 2025, 0.008523176155511725
17:00, Tue Feb 04 2025, -1.374025425270287
18:00, Tue Feb 04 2025, -1.3482634750710596
19:00, Tue Feb 04 2025, -1.3188756077821662
20:00, Tue Feb 04 2025, -3.642985460965826
21:00, Tue Feb 04 2025, 1.6600215279459973
22:00, Tue Feb 04 2025, -0.768335643836594
23:00, Tue Feb 04 2025, 0.2910184756958358
00:00, Wed Feb 05 2025, -0.32883911516201303
01:00, Wed Feb 05 2025, 1.7184867718586416
02:00, Wed Feb 05 2025, -2.681031971524867
03:00, Wed Feb 05 2025, -0.09343733090596276
04:00, Wed Feb 05 2025, -1.0178282118182789
05:00, Wed Feb 05 2025, -0.7899203873142885
06:00, Wed Feb 05 2025, 1.5025240511939961
07:00, Wed Feb 05 2025, 4.8417946430640715
08:00, Wed Feb 05 2025, 1.7665177674708086
09:00, Wed Feb 05 2025, -2.0443318046854233
10:00, Wed Feb 05 2025, -1.419988662325013
11:00, Wed Feb 05 2025, 4.843400551184685
12:00, Wed Feb 05 2025, -2.478793342072112
13:00, Wed Feb 05 2025, 0.011040024785918562
14:00, Wed Feb 05 2025, -2.5226398063467497
15:00, Wed Feb 05 2025, 2.033672489362891
16:00, Wed Feb 05 2025, 0.1674060795059146
17:00, Wed Feb 05 2025, 3.5419430381121195
18:00, Wed Feb 05 2025, -0.4783778411674308
19:00, Wed Feb 05 2025, -0.016464943586074803
20:00, Wed Feb 05 2025, 2.987577113307356
21:00, Wed Feb 05 2025, -0.2280112141304361
22:00, Wed Feb 05 2025, 1.4160764323433805
23:00, Wed Feb 05 2025, -1.3842180661993917
00:00, Thu Feb 06 2025, 0.4108007606184384
01:00, Thu Feb 06 2025, 1.4571513678376968
02:00, Thu Feb 06 2025, 0.5816199844191474
03:00, Thu Feb 06 2025, 4.535577423967458
04:00, Thu Feb 06 2025, -1.2949512990780099
05:00, Thu Feb 06 2025, -1.0343319419121542
06:00, Thu Feb 06 2025, 1.7983868402910232
07:00, Thu Feb 06 2025, -1.0717681616346537
08:00, Thu Feb 06 2025, -3.7337180824003493
09:00, Thu Feb 06 2025, -0.14604078210457744
10:00, Thu Feb 06 2025, -2.166073666689879
11:00, Thu Feb 06 2025, -2.6529725291366093
12:00, Thu Feb 06 2025, -1.9607503879785475
13:00, Thu Feb 06 2025, 6.2906596165854
14:00, Thu Feb 06 2025, 1.2092618955061787
15:00, Thu Feb 06 2025, 3.9915519963863315
16:00, Thu Feb 06 2025, 0.9175697477661958
17:00, Thu Feb 06 2025, -2.2639699610506767
18:00, Thu Feb 06 2025, 0.26741960899245176
19:00, Thu Feb 06 2025, 1.3941609141005082
20:00, Thu Feb 06 2025, 3.910277191545502
21:00, Thu Feb 06 2025, -4.265212633454201
22:00, Thu Feb 06 2025, -4.834261991068835
23:00, Thu Feb 06 2025, -3.9736868133771126
00:00, Fri Feb 07 2025, -3.270820445576061
01:00, Fri Feb 07 2025, -1.3350440254426932
02:00, Fri Feb 07 2025, -0.676967351369464
03:00, Fri Feb 07 2025, -3.113294631466246
04:00, Fri Feb 07 2025, -3.954158990749095
05:00, Fri Feb 07 2025, -4.0492840589636145
06:00, Fri Feb 07 2025, 1.9118489172115312
07:00, Fri Feb 07 2025, -1.6645033659298016
08:00, Fri Feb 07 2025, -4.5221235829043085
09:00, Fri Feb 07 2025, 2.010277078537673
10:00, Fri Feb 07 2025, -2.9726522654088594
11:00, Fri Feb 07 2025, 3.9370664872365593
12:00, Fri Feb 07 2025, 0.597703207667014
13:00, Fri Feb 07 2025, 2.821477987417455
14:00, Fri Feb 07 2025, 5.621461430942438
15:00, Fri Feb 07 2025, -0.753764235719685
16:00, Fri Feb 07 2025, 0.516987634717377
17:00, Fri Feb 07 2025, -2.1655346444834853
18:00, Fri Feb 07 2025, 4.137397201450924
19:00, Fri Feb 07 2025, 0.9307194676385115
20:00, Fri Feb 07 2025, 2.041464954840362
21:00, Fri Feb 07 2025, 2.124132519836552
22:00, Fri Feb 07 2025, 4.793332286254881
23:00, Fri Feb 07 2025, 1.8145321236700243
00:00, Sat Feb 08 2025, 2.331593018786502
01:00, Sat Feb 08 2025, -0.9991046586748105
02:00, Sat Feb 08 2025, -0.9722297897678517
03:00, Sat Feb 08 2025, 0.91952336617543
04:00, Sat Feb 08 2025, -2.3258547694015452
05:00, Sat Feb 08 2025, -1.4114562065095568
06:00, Sat Feb 08 2025, 3.964261881143768
07:00, Sat Feb 08 2025, 3.1759852727854847
08:00, Sat Feb 08 2025, -1.951571540624922
09:00, Sat Feb 08 2025, -1.4462915881943736
10:00, Sat Feb 08 2025, 0.040217575877271
11:00, Sat Feb 08 2025, -3.0515549689772223
12:00, Sat Feb 08 2025, -6.458697829055916
13:00, Sat Feb 08 2025, -1.492362574081198
14:00, Sat Feb 08 2025, 0.7941772671481646
15:00, Sat Feb 08 2025, -0.28755405035891735
16:00, Sat Feb 08 2025, 1.3729918696400791
17:00, Sat Feb 08 2025, 4.664598612994796
18:00, Sat Feb 08 2025, -0.38956321537786265
19:00, Sat Feb 08 2025, 3.990871859789991
20:00, Sat Feb 08 2025, -0.1719772946877402
21:00, Sat Feb 08 2025, 2.3153815609639015
22:00, Sat Feb 08 2025, -3.075678344854598
23:00, Sat Feb 08 2025, 3.596937065468668
00:00, Sun Feb 09 2025, 1.0240284321522417
01:00, Sun Feb 09 2025, -0.9894313018660619
02:00, Sun Feb 09 2025, 1.4711826522914655
03:00, Sun Feb 09 2025, 1.041594864786541
04:00, Sun Feb 09 2025, -4.635608574673038
05:00, Sun Feb 09 2025, -0.501665750998642
06:00, Sun Feb 09 2025, -2.0993484465814602
07:00, Sun Feb 09 2025, 0.6269480441596198
08:00, Sun Feb 09 2025, 4.452610715702271
09:00, Sun Feb 09 2025, 1.4070283321772203
10:00, Sun Feb 09 2025, 1.9888761693377857
11:00, Sun Feb 09 2025, 0.8523133330814924
12:00, Sun Feb 09 2025, 1.0925864529826206
13:00, Sun Feb 09 2025, 3.4332349268839986
14:00, Sun Feb 09 2025, -2.2780574867597068
15:00, Sun Feb 09 2025, -8.60763536657399
16:00, Sun Feb 09 2025, -1.8603004605713287
17:00, Sun Feb 09 2025, -2.7254739462167645
18:00, Sun Feb 09 2025, 0.7903977850774667
19:00, Sun Feb 09 2025, -2.4895252734295377
20:00, Sun Feb 09 2025, -1.9715219558733978
21:00, Sun Feb 09 2025, 4.164957411938854
22:00, Sun Feb 09 2025, -2.5552134415772048
23:00, Sun Feb 09 2025, -3.2650767874058344
00:00, Mon Feb 10 2025, -4.236079824417918
01:00, Mon Feb 10 2025, 3.8725091775296825
02:00, Mon Feb 10 2025, -0.6793464349293554
03:00, Mon Feb 10 2025, 0.019427680674635014
04:00, Mon Feb 10 2025, -1.2653405102394966
05:00, Mon Feb 10 2025, -1.5404100851009996
06:00, Mon Feb 10 2025, 0.9789009819130863
07:00, Mon Feb 10 2025, -4.06435871291213
08:00, Mon Feb 10 2025, 3.0566712640973774
09:00, Mon Feb 10 2025, 0.7759240691031495
10:00, Mon Feb 10 2025, 3.0066395997964883
11:00, Mon Feb 10 2025, 2.355161028988598
12:00, Mon Feb 10 2025, -2.9431746470627242
13:00, Mon Feb 10 2025, 0.26725162071616015
14:00, Mon Feb 10 2025, 1.1558951516422529
15:00, Mon Feb 10 2025, 1.1317880357116432
16:00, Mon Feb 10 2025, 5.0897815615457525
17:00, Mon Feb 10 2025, 1.7256977721462174
18:00, Mon Feb 10 2025, 1.6473016863468828
19:00, Mon Feb 10 2025, 1.796791358575045
20:00, Mon Feb 10 2025, -2.4441502416426273
21:00, Mon Feb 10 2025, 0.4648278131217634
22:00, Mon Feb 10 2025, -2.6679836885565553
23:00, Mon Feb 10 2025, 5.620404527924517
00:00, Tue Feb 11 2025, 2.6342797477459907
01:00, Tue Feb 11 2025, 1.7390882864441282
02:00, Tue Feb 11 2025, 2.6977541671162886
03:00, Tue Feb 11 2025, 1.998125207503675
04:00, Tue Feb 11 2025, -2.1485895761028404
05:00, Tue Feb 11 2025, -0.8759433402792252
06:00, Tue Feb 11 2025, 2.9112145305524684
07:00, Tue Feb 11 2025, 1.5758875545819382
08:00, Tue Feb 11 2025, -0.18643493468085043
09:00, Tue Feb 11 2025, 3.175356511287775
10:00, Tue Feb 11 2025, 3.5207329480466405
11:00, Tue Feb 11 2025, 3.6582199695009727
12:00, Tue Feb 11 2025, 0.3687092848350222
13:00, Tue Feb 11 2025, -2.7341086203750335
14:00, Tue Feb 11 2025, 0.6133365532216237
15:00, Tue Feb 11 2025, -0.22531950737956302
16:00, Tue Feb 11 2025, -2.129873057219311
17:00, Tue Feb 11 2025, 0.9853127239408364
18:00, Tue Feb 11 2025, 1.044993681528637
19:00, Tue Feb 11 2025, -0.03543009442829528
20:00, Tue Feb 11 2025, 4.728478775419309
21:00, Tue Feb 11 2025, -2.6814022301253093
22:00, Tue Feb 11 2025, 2.4971460201727
23:00, Tue Feb 11 2025, 0.5419719364386413
00:00, Wed Feb 12 2025, 2.190752353151972
01:00, Wed Feb 12 2025, 0.005840745416771173
02:00, Wed Feb 12 2025, 1.2890826049253667
03:00, Wed Feb 12 2025, -0.5812969542255245
04:00, Wed Feb 12 2025, -1.3569897809984175
05:00, Wed Feb 12 2025, -3.873837958697748
06:00, Wed Feb 12 2025, 1.0375142039176681
07:00, Wed Feb 12 2025, -3.988137651216645
08:00, Wed Feb 12 2025, -3.6920022224673597
09:00, Wed Feb 12 2025, 2.79503008981063
10:00, Wed Feb 12 2025, -0.6322364126272919
11:00, Wed Feb 12 2025, -7.412505138569544
12:00, Wed Feb 12 2025, 0.3911471904277333
13:00, Wed Feb 12 2025, -1.3435408413115522
14:00, Wed Feb 12 2025, -0.7401986342288882
15:00, Wed Feb 12 2025, -0.29086116957974895
16:00, Wed Feb 12 2025, 7.384633833420749
17:00, Wed Feb 12 2025, -0.08653286583003643
18:00, Wed Feb 12 2025, -4.8197040784051834
19:00, Wed Feb 12 2025, -2.0499982117080746
20:00, Wed Feb 12 2025, -2.3120016350986656
21:00, Wed Feb 12 2025, -2.665828453648416
22:00, Wed Feb 12 2025, -3.4588505380300116
23:00, Wed Feb 12 2025, 2.919835411837022
00:00, Thu Feb 13 2025, 1.787752186193972
01:00, Thu Feb 13 2025, 2.6233137243209965
02:00, Thu Feb 13 2025, -0.06801372430355593
03:00, Thu Feb 13 2025, -2.520018901486647
04:00, Thu Feb 13 2025, 2.298556043092332
05:00, Thu Feb 13 2025, 0.5171252094967353
06:00, Thu Feb 13 2025, 1.9459232640581956
07:00, Thu Feb 13 2025, 1.0520158913693405
08:00, Thu Feb 13 2025, 3.982517536668449
09:00, Thu Feb 13 2025, -2.060130928795796
10:00, Thu Feb 13 2025, 0.5480582790144571
11:00, Thu Feb 13 2025, 0.9584540041281742
12:00, Thu Feb 13 2025, 5.497986998881061
13:00, Thu Feb 13 2025, -0.07605172826352109
14:00, Thu Feb 13 2025, -0.021807260814812667
15:00, Thu Feb 13 2025, 1.6344900005926717
16:00, Thu Feb 13 2025, 0.7375230883544058
17:00, Thu Feb 13 2025, 1.2211255480329266
18:00, Thu Feb 13 2025, 0.7906319301766516
19:00, Thu Feb 13 2025, -5.989462226823383
20:00, Thu Feb 13 2025, 1.1822283873580217
21:00, Thu Feb 13 2025, 2.375544500966348
22:00, Thu Feb 13 2025, -1.1408140106768423
23:00, Thu Feb 13 2025, 4.374264443024929
00:00, Fri Feb 14 2025, 3.1287656719738486
01:00, Fri Feb 14 2025, 5.375420658888111
02:00, Fri Feb 14 2025, 0.625025705079887
03:00, Fri Feb 14 2025, -1.9859806354808063
04:00, Fri Feb 14 2025, -0.8223977630173195
05:00, Fri Feb 14 2025, -2.594855901200552
06:00, Fri Feb 14 2025, 1.275624589962526
07:00, Fri Feb 14 2025, 1.1907868551747915
08:00, Fri Feb 14 2025, -0.5500058064819723
09:00, Fri Feb 14 2025, -0.9299687384130191
10:00, Fri Feb 14 2025, -4.347469083532716
11:00, Fri Feb 14 2025, -2.983823144132942
12:00, Fri Feb 14 2025, -0.16710381602650395
13:00, Fri Feb 14 2025, 5.289305111781929
14:00, Fri Feb 14 2025, 1.5936232270363546
15:00, Fri Feb 14 2025, 3.3314984761747963
16:00, Fri Feb 14 2025, -2.4466180100498427
17:00, Fri Feb 14 2025, -2.9936423011756252
18:00, Fri Feb 14 2025, -1.226657231514546
19:00, Fri Feb 14 2025, -5.4609940018855845
20:00, Fri Feb 14 2025, -2.9570722397414038
21:00, Fri Feb 14 2025, 0.7018106042589585
22:00, Fri Feb 14 2025, -0.06829364534924169
23:00, Fri Feb 14 2025, -0.5607618038479629
00:00, Sat Feb 15 2025, -5.764597102710133
01:00, Sat Feb 15 2025, -1.1984981458826682
02:00, Sat Feb 15 2025, -0.7718263319674773
03:00, Sat Feb 15 2025, 1.1586222863333446
04:00, Sat Feb 15 2025, -1.161474616664779
05:00, Sat Feb 15 2025, 0.5897988401495103
06:00, Sat Feb 15 2025, 0.837358670872796
07:00, Sat Feb 15 2025, -1.7458388912025058
08:00, Sat Feb 15 2025, -0.37276246513305566
09:00, Sat Feb 15 2025, 2.0195605696251544
10:00, Sat Feb 15 2025, 3.9292140831175217
11:00, Sat Feb 15 2025, -4.2992390094708846
12:00, Sat Feb 15 2025, -1.0087765470314904
13:00, Sat Feb 15 2025, 0.9715128018312054
14:00, Sat Feb 15 2025, 6.020273839198456
15:00, Sat Feb 15 2025, -0.82706202595502
16:00, Sat Feb 15 2025, -1.0050486130673546
17:00, Sat Feb 15 2025, 0.6100513082753719
18:00, Sat Feb 15 2025, 0.5473368572574719
19:00, Sat Feb 15 2025, -0.9378296010176551
20:00, Sat Feb 15 2025, -4.096561597017982
21:00, Sat Feb 15 2025, 3.228486904647572
22:00, Sat Feb 15 2025, -3.112225190492204
23:00, Sat Feb 15 2025, 0.0004078742809924836
00:00, Sun Feb 16 2025, -7.065124810735906
01:00, Sun Feb 16 2025, -1.6796671698556396
02:00, Sun Feb 16 2025, -2.9331874591737055
03:00, Sun Feb 16 2025, 2.3943091880811953
04:00, Sun Feb 16 2025, 1.9287158780704976
05:00, Sun Feb 16 2025, -2.985176822584628
06:00, Sun Feb 16 2025, 1.3725437149015076
07:00, Sun Feb 16 2025, 3.7560472184758638
08:00, Sun Feb 16 2025, 4.655338499986799
09:00, Sun Feb 16 2025, 0.5045896735283605
10:00, Sun Feb 16 2025, -2.1150955813718566
11:00, Sun Feb 16 2025, -2.8118010826487434
12:00, Sun Feb 16 2025, -4.863727029732389
13:00, Sun Feb 16 2025, 1.6568649707812968
14:00, Sun Feb 16 2025, 4.221723133847192
15:00, Sun Feb 16 2025, 1.227159960622118
16:00, Sun Feb 16 2025, 0.13477596768088748
17:00, Sun Feb 16 2025, 0.2356282484598771
18:00, Sun Feb 16 2025, -2.272717566947002
19:00, Sun Feb 16 2025, -1.4598136702487912
20:00, Sun Feb 16 2025, 0.898257903262968
21:00, Sun Feb 16 2025, -2.0757744956066033
22:00, Sun Feb 16 2025, 3.6333067633832905
23:00, Sun Feb 16 2025, 0.5808918305709536
00:00, Mon Feb 17 2025, 2.523815735434532
01:00, Mon Feb 17 2025, -3.4183552166822673
02:00, Mon Feb 17 2025, 0.5247737575698369
03:00, Mon Feb 17 2025, 0.9311136463219506
04:00, Mon Feb 17 2025, 2.3699854994608183
05:00, Mon Feb 17 2025, -2.487089641329847
06:00, Mon Feb 17 2025, 3.780196022016149
07:00, Mon Feb 17 2025, -4.015737718126827
08:00, Mon Feb 17 2025, -3.1635574078226245
09:00, Mon Feb 17 2025, -0.8233169774028863
10:00, Mon Feb 17 2025, 4.110508655020796
11:00, Mon Feb 17 2025, 3.2824397756941237
12:00, Mon Feb 17 2025, 3.1289908548817054
13:00, Mon Feb 17 2025, 2.11710631965616
14:00, Mon Feb 17 2025, 0.008679050846629474
15:00, Mon Feb 17 2025, 0.15111299896048017
16:00, Mon Feb 17 2025, -0.6394011486446759
17:00, Mon Feb 17 2025, -0.7509058347877783
18:00, Mon Feb 17 2025, 1.4167127348046678
19:00, Mon Feb 17 2025, 1.472941237718604
20:00, Mon Feb 17 2025, -3.181256561005907
21:00, Mon Feb 17 2025, 2.4741962026295754
22:00, Mon Feb 17 2025, 4.112837007638619
23:00, Mon Feb 17 2025, -1.3201590669710805
00:00, Tue Feb 18 2025, 6.7342515191105985
01:00, Tue Feb 18 2025, -3.754723686989461
02:00, Tue Feb 18 2025, 4.679054778257846
03:00, Tue Feb 18 2025, -2.120858806036077
04:00, Tue Feb 18 2025, -2.908612194953979
05:00, Tue Feb 18 2025, 0.3185537328064167
06:00, Tue Feb 18 2025, 1.2932827666050806
07:00, Tue Feb 18 2025, -1.0162889947009655
08:00, Tue Feb 18 2025, -0.5334655668519896
09:00, Tue Feb 18 2025, -2.273828193810598
10:00, Tue Feb 18 2025, 0.5241068468275786
11:00, Tue Feb 18 2025, 2.949183253363556
12:00, Tue Feb 18 2025, 3.8969924656572146
13:00, Tue Feb 18 2025, -3.106169112075565
14:00, Tue Feb 18 2025, 0.1474692018629235
15:00, Tue Feb 18 2025, 0.18652295804416077
16:00, Tue Feb 18 2025, 2.7082495268920814
17:00, Tue Feb 18 2025, -0.43022132524251777
18:00, Tue Feb 18 2025, -2.340910637875202
19:00, Tue Feb 18 2025, 0.21963316975968708
20:00, Tue Feb 18 2025, -3.4037668548528055
21:00, Tue Feb 18 2025, 1.2071916823207673
22:00, Tue Feb 18 2025, 0.9964731381872489
23:00, Tue Feb 18 2025, 0.5572662199115554
