00:00, Wed Jan 01 2025, -10
01:00, Wed Jan 01 2025, -9.906462585034014
02:00, Wed Jan 01 2025, -9.812925170068027
03:00, Wed Jan 01 2025, -9.71938775510204
04:00, Wed Jan 01 2025, -9.625850340136054
05:00, Wed Jan 01 2025, -9.532312925170068
06:00, Wed Jan 01 2025, -9.438775510204081
07:00, Wed Jan 01 2025, -9.345238095238095
08:00, Wed Jan 01 2025, -9.251700680272108
09:00, Wed Jan 01 2025, -9.158163265306122
10:00, Wed Jan 01 2025, -9.064625850340136
11:00, Wed Jan 01 2025, -8.97108843537415
12:00, Wed Jan 01 2025, -8.877551020408163
13:00, Wed Jan 01 2025, -8.784013605442176
14:00, Wed Jan 01 2025, -8.69047619047619
15:00, Wed Jan 01 2025, -8.596938775510203
16:00, Wed Jan 01 2025, -8.503401360544217
17:00, Wed Jan 01 2025, -8.40986394557823
18:00, Wed Jan 01 2025, -8.316326530612244
19:00, Wed Jan 01 2025, -8.222789115646258
20:00, Wed Jan 01 2025, -8.129251700680271
21:00, Wed Jan 01 2025, -8.035714285714285
22:00, Wed Jan 01 2025, -7.942176870748298
23:00, Wed Jan 01 2025, -7.848639455782312
00:00, Thu Jan 02 2025, -7.755102040816325
01:00, Thu Jan 02 2025, -7.661564625850339
02:00, Thu Jan 02 2025, -7.5680272108843525
03:00, Thu Jan 02 2025, -7.474489795918366
04:00, Thu Jan 02 2025, -7.38095238095238
05:00, Thu Jan 02 2025, -7.287414965986393
06:00, Thu Jan 02 2025, -7.193877551020407
07:00, Thu Jan 02 2025, -7.10034013605442
08:00, Thu Jan 02 2025, -7.006802721088434
09:00, Thu Jan 02 2025, -6.913265306122447
10:00, Thu Jan 02 2025, -6.819727891156461
11:00, Thu Jan 02 2025, -6.7261904761904745
12:00, Thu Jan 02 2025, -6.632653061224488
13:00, Thu Jan 02 2025, -6.539115646258502
14:00, Thu Jan 02 2025, -6.445578231292515
15:00, Thu Jan 02 2025, -6.352040816326529
16:00, Thu Jan 02 2025, -6.258503401360542
17:00, Thu Jan 02 2025, -6.164965986394556
18:00, Thu Jan 02 2025, -6.071428571428569
19:00, Thu Jan 02 2025, -5.977891156462583
20:00, Thu Jan 02 2025, -5.8843537414965965
21:00, Thu Jan 02 2025, -5.79081632653061
22:00, Thu Jan 02 2025, -5.697278911564624
23:00, Thu Jan 02 2025, -5.603741496598637
00:00, Fri Jan 03 2025, -5.510204081632651
01:00, Fri Jan 03 2025, -5.416666666666664
02:00, Fri Jan 03 2025, -5.323129251700678
03:00, Fri Jan 03 2025, -5.229591836734691
04:00, Fri Jan 03 2025, -5.136054421768705
05:00, Fri Jan 03 2025, -5.0425170068027185
06:00, Fri Jan 03 2025, -4.948979591836732
07:00, Fri Jan 03 2025, -4.855442176870746
08:00, Fri Jan 03 2025, -4.761904761904759
09:00, Fri Jan 03 2025, -4.668367346938773
10:00, Fri Jan 03 2025, -4.574829931972786
11:00, Fri Jan 03 2025, -4.4812925170068
12:00, Fri Jan 03 2025, -4.387755102040813
13:00, Fri Jan 03 2025, -4.294217687074827
14:00, Fri Jan 03 2025, -4.2006802721088405
15:00, Fri Jan 03 2025, -4.107142857142854
16:00, Fri Jan 03 2025, -4.013605442176868
17:00, Fri Jan 03 2025, -3.920068027210881
18:00, Fri Jan 03 2025, -3.8265306122448948
19:00, Fri Jan 03 2025, -3.7329931972789083
20:00, Fri Jan 03 2025, -3.639455782312922
21:00, Fri Jan 03 2025, -3.5459183673469354
22:00, Fri Jan 03 2025, -3.452380952380949
23:00, Fri Jan 03 2025, -3.3588435374149626
00:00, Sat Jan 04 2025, -3.265306122448976
01:00, Sat Jan 04 2025, -3.1717687074829897
02:00, Sat Jan 04 2025, -3.0782312925170032
03:00, Sat Jan 04 2025, -2.984693877551017
04:00, Sat Jan 04 2025, -2.8911564625850303
05:00, Sat Jan 04 2025, -2.797619047619044
06:00, Sat Jan 04 2025, -2.7040816326530575
07:00, Sat Jan 04 2025, -2.610544217687071
08:00, Sat Jan 04 2025, -2.5170068027210846
09:00, Sat Jan 04 2025, -2.423469387755098
10:00, Sat Jan 04 2025, -2.3299319727891117
11:00, Sat Jan 04 2025, -2.2363945578231252
12:00, Sat Jan 04 2025, -2.142857142857139
13:00, Sat Jan 04 2025, -2.0493197278911524
14:00, Sat Jan 04 2025, -1.955782312925166
15:00, Sat Jan 04 2025, -1.8622448979591795
16:00, Sat Jan 04 2025, -1.768707482993193
17:00, Sat Jan 04 2025, -1.6751700680272066
18:00, Sat Jan 04 2025, -1.5816326530612201
19:00, Sat Jan 04 2025, -1.4880952380952337
20:00, Sat Jan 04 2025, -1.3945578231292473
21:00, Sat Jan 04 2025, -1.3010204081632608
22:00, Sat Jan 04 2025, -1.2074829931972744
23:00, Sat Jan 04 2025, -1.113945578231288
00:00, Sun Jan 05 2025, -1.0204081632653015
01:00, Sun Jan 05 2025, -0.926870748299315
02:00, Sun Jan 05 2025, -0.8333333333333286
03:00, Sun Jan 05 2025, -0.7397959183673422
04:00, Sun Jan 05 2025, -0.6462585034013557
05:00, Sun Jan 05 2025, -0.5527210884353693
06:00, Sun Jan 05 2025, -0.4591836734693829
07:00, Sun Jan 05 2025, -0.3656462585033965
08:00, Sun Jan 05 2025, -0.2721088435374101
09:00, Sun Jan 05 2025, -0.17857142857142372
10:00, Sun Jan 05 2025, -0.08503401360543732
11:00, Sun Jan 05 2025, 0.008503401360549084
12:00, Sun Jan 05 2025, 0.10204081632653549
13:00, Sun Jan 05 2025, 0.1955782312925219
14:00, Sun Jan 05 2025, 0.2891156462585083
15:00, Sun Jan 05 2025, 0.38265306122449466
16:00, Sun Jan 05 2025, 0.47619047619048105
17:00, Sun Jan 05 2025, 0.5697278911564675
18:00, Sun Jan 05 2025, 0.6632653061224539
19:00, Sun Jan 05 2025, 0.7568027210884404
20:00, Sun Jan 05 2025, 0.8503401360544268
21:00, Sun Jan 05 2025, 0.9438775510204133
22:00, Sun Jan 05 2025, 1.0374149659863996
23:00, Sun Jan 05 2025, 1.130952380952386
00:00, Mon Jan 06 2025, 1.2244897959183725
01:00, Mon Jan 06 2025, 1.318027210884359
02:00, Mon Jan 06 2025, 1.4115646258503454
03:00, Mon Jan 06 2025, 1.5051020408163318
04:00, Mon Jan 06 2025, 1.5986394557823183
05:00, Mon Jan 06 2025, 1.6921768707483047
06:00, Mon Jan 06 2025, 1.7857142857142911
07:00, Mon Jan 06 2025, 1.8792517006802776
08:00, Mon Jan 06 2025, 1.972789115646264
09:00, Mon Jan 06 2025, 2.0663265306122502
10:00, Mon Jan 06 2025, 2.1598639455782367
11:00, Mon Jan 06 2025, 2.253401360544223
12:00, Mon Jan 06 2025, 2.3469387755102096
13:00, Mon Jan 06 2025, 2.440476190476196
14:00, Mon Jan 06 2025, 2.5340136054421825
15:00, Mon Jan 06 2025, 2.627551020408169
16:00, Mon Jan 06 2025, 2.7210884353741553
17:00, Mon Jan 06 2025, 2.814625850340142
18:00, Mon Jan 06 2025, 2.9081632653061282
19:00, Mon Jan 06 2025, 3.0017006802721147
20:00, Mon Jan 06 2025, 3.095238095238101
21:00, Mon Jan 06 2025, 3.1887755102040876
22:00, Mon Jan 06 2025, 3.282312925170074
23:00, Mon Jan 06 2025, 3.3758503401360604
00:00, Tue Jan 07 2025, 3.469387755102047
01:00, Tue Jan 07 2025, 3.5629251700680333
02:00, Tue Jan 07 2025, 3.6564625850340198
03:00, Tue Jan 07 2025, 3.750000000000006
04:00, Tue Jan 07 2025, 3.8435374149659927
05:00, Tue Jan 07 2025, 3.937074829931979
06:00, Tue Jan 07 2025, 4.0306122448979655
07:00, Tue Jan 07 2025, 4.124149659863952
08:00, Tue Jan 07 2025, 4.217687074829938
09:00, Tue Jan 07 2025, 4.311224489795925
10:00, Tue Jan 07 2025, 4.404761904761911
11:00, Tue Jan 07 2025, 4.498299319727898
12:00, Tue Jan 07 2025, 4.591836734693884
13:00, Tue Jan 07 2025, 4.685374149659871
14:00, Tue Jan 07 2025, 4.778911564625857
15:00, Tue Jan 07 2025, 4.8724489795918435
16:00, Tue Jan 07 2025, 4.96598639455783
17:00, Tue Jan 07 2025, 5.059523809523816
18:00, Tue Jan 07 2025, 5.153061224489803
19:00, Tue Jan 07 2025, 5.246598639455789
20:00, Tue Jan 07 2025, 5.340136054421776
21:00, Tue Jan 07 2025, 5.433673469387762
22:00, Tue Jan 07 2025, 5.527210884353749
23:00, Tue Jan 07 2025, 5.620748299319735
00:00, Wed Jan 08 2025, 5.7142857142857215
01:00, Wed Jan 08 2025, 5.807823129251708
02:00, Wed Jan 08 2025, 5.901360544217694
03:00, Wed Jan 08 2025, 5.994897959183681
04:00, Wed Jan 08 2025, 6.088435374149667
05:00, Wed Jan 08 2025, 6.181972789115654
06:00, Wed Jan 08 2025, 6.27551020408164
07:00, Wed Jan 08 2025, 6.369047619047627
08:00, Wed Jan 08 2025, 6.462585034013613
09:00, Wed Jan 08 2025, 6.5561224489795995
10:00, Wed Jan 08 2025, 6.649659863945586
11:00, Wed Jan 08 2025, 6.743197278911572
12:00, Wed Jan 08 2025, 6.836734693877559
13:00, Wed Jan 08 2025, 6.930272108843545
14:00, Wed Jan 08 2025, 7.023809523809532
15:00, Wed Jan 08 2025, 7.117346938775518
16:00, Wed Jan 08 2025, 7.210884353741505
17:00, Wed Jan 08 2025, 7.304421768707491
18:00, Wed Jan 08 2025, 7.3979591836734775
19:00, Wed Jan 08 2025, 7.491496598639464
20:00, Wed Jan 08 2025, 7.58503401360545
21:00, Wed Jan 08 2025, 7.678571428571437
22:00, Wed Jan 08 2025, 7.772108843537423
23:00, Wed Jan 08 2025, 7.86564625850341
00:00, Thu Jan 09 2025, 7.959183673469396
01:00, Thu Jan 09 2025, 8.052721088435382
02:00, Thu Jan 09 2025, 8.146258503401368
03:00, Thu Jan 09 2025, 8.239795918367355
04:00, Thu Jan 09 2025, 8.333333333333341
05:00, Thu Jan 09 2025, 8.426870748299327
06:00, Thu Jan 09 2025, 8.520408163265314
07:00, Thu Jan 09 2025, 8.6139455782313
08:00, Thu Jan 09 2025, 8.707482993197287
09:00, Thu Jan 09 2025, 8.801020408163273
10:00, Thu Jan 09 2025, 8.89455782312926
11:00, Thu Jan 09 2025, 8.988095238095246
12:00, Thu Jan 09 2025, 9.081632653061233
13:00, Thu Jan 09 2025, 9.175170068027219
14:00, Thu Jan 09 2025, 9.268707482993205
15:00, Thu Jan 09 2025, 9.362244897959192
16:00, Thu Jan 09 2025, 9.455782312925178
17:00, Thu Jan 09 2025, 9.549319727891165
18:00, Thu Jan 09 2025, 9.642857142857151
19:00, Thu Jan 09 2025, 9.736394557823138
20:00, Thu Jan 09 2025, 9.829931972789124
21:00, Thu Jan 09 2025, 9.92346938775511
22:00, Thu Jan 09 2025, 10.017006802721097
23:00, Thu Jan 09 2025, 10.110544217687083
00:00, Fri Jan 10 2025, 10.20408163265307
01:00, Fri Jan 10 2025, 10.297619047619056
02:00, Fri Jan 10 2025, 10.391156462585043
03:00, Fri Jan 10 2025, 10.48469387755103
04:00, Fri Jan 10 2025, 10.578231292517016
05:00, Fri Jan 10 2025, 10.671768707483002
06:00, Fri Jan 10 2025, 10.765306122448989
07:00, Fri Jan 10 2025, 10.858843537414975
08:00, Fri Jan 10 2025, 10.952380952380961
09:00, Fri Jan 10 2025, 11.045918367346948
10:00, Fri Jan 10 2025, 11.139455782312934
11:00, Fri Jan 10 2025, 11.23299319727892
12:00, Fri Jan 10 2025, 11.326530612244907
13:00, Fri Jan 10 2025, 11.420068027210894
14:00, Fri Jan 10 2025, 11.51360544217688
15:00, Fri Jan 10 2025, 11.607142857142867
16:00, Fri Jan 10 2025, 11.700680272108853
17:00, Fri Jan 10 2025, 11.79421768707484
18:00, Fri Jan 10 2025, 11.887755102040826
19:00, Fri Jan 10 2025, 11.981292517006812
20:00, Fri Jan 10 2025, 12.074829931972799
21:00, Fri Jan 10 2025, 12.168367346938785
22:00, Fri Jan 10 2025, 12.261904761904772
23:00, Fri Jan 10 2025, 12.355442176870758
00:00, Sat Jan 11 2025, 12.448979591836745
01:00, Sat Jan 11 2025, 12.542517006802731
02:00, Sat Jan 11 2025, 12.636054421768717
03:00, Sat Jan 11 2025, 12.729591836734704
04:00, Sat Jan 11 2025, 12.82312925170069
05:00, Sat Jan 11 2025, 12.916666666666677
06:00, Sat Jan 11 2025, 13.010204081632663
07:00, Sat Jan 11 2025, 13.10374149659865
08:00, Sat Jan 11 2025, 13.197278911564636
09:00, Sat Jan 11 2025, 13.290816326530623
10:00, Sat Jan 11 2025, 13.384353741496609
11:00, Sat Jan 11 2025, 13.477891156462595
12:00, Sat Jan 11 2025, 13.571428571428582
13:00, Sat Jan 11 2025, 13.664965986394568
14:00, Sat Jan 11 2025, 13.758503401360555
15:00, Sat Jan 11 2025, 13.852040816326541
16:00, Sat Jan 11 2025, 13.945578231292528
17:00, Sat Jan 11 2025, 14.039115646258514
18:00, Sat Jan 11 2025, 14.1326530612245
19:00, Sat Jan 11 2025, 14.226190476190487
20:00, Sat Jan 11 2025, 14.319727891156473
21:00, Sat Jan 11 2025, 14.41326530612246
22:00, Sat Jan 11 2025, 14.506802721088446
23:00, Sat Jan 11 2025, 14.600340136054433
00:00, Sun Jan 12 2025, 14.69387755102042
01:00, Sun Jan 12 2025, 14.787414965986406
02:00, Sun Jan 12 2025, 14.880952380952392
03:00, Sun Jan 12 2025, 14.974489795918378
04:00, Sun Jan 12 2025, 15.068027210884365
05:00, Sun Jan 12 2025, 15.161564625850351
06:00, Sun Jan 12 2025, 15.255102040816338
07:00, Sun Jan 12 2025, 15.348639455782324
08:00, Sun Jan 12 2025, 15.44217687074831
09:00, Sun Jan 12 2025, 15.535714285714297
10:00, Sun Jan 12 2025, 15.629251700680284
11:00, Sun Jan 12 2025, 15.72278911564627
12:00, Sun Jan 12 2025, 15.816326530612256
13:00, Sun Jan 12 2025, 15.909863945578243
14:00, Sun Jan 12 2025, 16.003401360544228
15:00, Sun Jan 12 2025, 16.096938775510214
16:00, Sun Jan 12 2025, 16.1904761904762
17:00, Sun Jan 12 2025, 16.284013605442187
18:00, Sun Jan 12 2025, 16.377551020408173
19:00, Sun Jan 12 2025, 16.47108843537416
20:00, Sun Jan 12 2025, 16.564625850340146
21:00, Sun Jan 12 2025, 16.658163265306133
22:00, Sun Jan 12 2025, 16.75170068027212
23:00, Sun Jan 12 2025, 16.845238095238106
00:00, Mon Jan 13 2025, 16.938775510204092
01:00, Mon Jan 13 2025, 17.03231292517008
02:00, Mon Jan 13 2025, 17.125850340136065
03:00, Mon Jan 13 2025, 17.21938775510205
04:00, Mon Jan 13 2025, 17.312925170068038
05:00, Mon Jan 13 2025, 17.406462585034024
06:00, Mon Jan 13 2025, 17.50000000000001
07:00, Mon Jan 13 2025, 17.593537414965997
08:00, Mon Jan 13 2025, 17.687074829931984
09:00, Mon Jan 13 2025, 17.78061224489797
10:00, Mon Jan 13 2025, 17.874149659863956
11:00, Mon Jan 13 2025, 17.967687074829943
12:00, Mon Jan 13 2025, 18.06122448979593
13:00, Mon Jan 13 2025, 18.154761904761916
14:00, Mon Jan 13 2025, 18.248299319727902
15:00, Mon Jan 13 2025, 18.34183673469389
16:00, Mon Jan 13 2025, 18.435374149659875
17:00, Mon Jan 13 2025, 18.52891156462586
18:00, Mon Jan 13 2025, 18.622448979591848
19:00, Mon Jan 13 2025, 18.715986394557834
20:00, Mon Jan 13 2025, 18.80952380952382
21:00, Mon Jan 13 2025, 18.903061224489807
22:00, Mon Jan 13 2025, 18.996598639455794
23:00, Mon Jan 13 2025, 19.09013605442178
00:00, Tue Jan 14 2025, 19.183673469387767
01:00, Tue Jan 14 2025, 19.277210884353753
02:00, Tue Jan 14 2025, 19.37074829931974
03:00, Tue Jan 14 2025, 19.464285714285726
04:00, Tue Jan 14 2025, 19.557823129251712
05:00, Tue Jan 14 2025, 19.6513605442177
06:00, Tue Jan 14 2025, 19.744897959183685
07:00, Tue Jan 14 2025, 19.83843537414967
08:00, Tue Jan 14 2025, 19.931972789115658
09:00, Tue Jan 14 2025, 20.025510204081645
10:00, Tue Jan 14 2025, 20.11904761904763
11:00, Tue Jan 14 2025, 20.212585034013618
12:00, Tue Jan 14 2025, 20.306122448979604
13:00, Tue Jan 14 2025, 20.39965986394559
14:00, Tue Jan 14 2025, 20.493197278911577
15:00, Tue Jan 14 2025, 20.586734693877563
16:00, Tue Jan 14 2025, 20.68027210884355
17:00, Tue Jan 14 2025, 20.773809523809536
18:00, Tue Jan 14 2025, 20.867346938775523
19:00, Tue Jan 14 2025, 20.96088435374151
20:00, Tue Jan 14 2025, 21.054421768707495
21:00, Tue Jan 14 2025, 21.147959183673482
22:00, Tue Jan 14 2025, 21.24149659863947
23:00, Tue Jan 14 2025, 21.335034013605455
00:00, Wed Jan 15 2025, 21.42857142857144
01:00, Wed Jan 15 2025, 21.522108843537428
02:00, Wed Jan 15 2025, 21.615646258503414
03:00, Wed Jan 15 2025, 21.7091836734694
04:00, Wed Jan 15 2025, 21.802721088435387
05:00, Wed Jan 15 2025, 21.896258503401373
06:00, Wed Jan 15 2025, 21.98979591836736
07:00, Wed Jan 15 2025, 22.083333333333346
08:00, Wed Jan 15 2025, 22.176870748299333
09:00, Wed Jan 15 2025, 22.27040816326532
10:00, Wed Jan 15 2025, 22.363945578231306
11:00, Wed Jan 15 2025, 22.457482993197292
12:00, Wed Jan 15 2025, 22.55102040816328
13:00, Wed Jan 15 2025, 22.644557823129265
14:00, Wed Jan 15 2025, 22.73809523809525
15:00, Wed Jan 15 2025, 22.831632653061238
16:00, Wed Jan 15 2025, 22.925170068027224
17:00, Wed Jan 15 2025, 23.01870748299321
18:00, Wed Jan 15 2025, 23.112244897959197
19:00, Wed Jan 15 2025, 23.205782312925184
20:00, Wed Jan 15 2025, 23.29931972789117
21:00, Wed Jan 15 2025, 23.392857142857157
22:00, Wed Jan 15 2025, 23.486394557823143
23:00, Wed Jan 15 2025, 23.57993197278913
00:00, Thu Jan 16 2025, 23.673469387755116
01:00, Thu Jan 16 2025, 23.767006802721102
02:00, Thu Jan 16 2025, 23.86054421768709
03:00, Thu Jan 16 2025, 23.954081632653075
04:00, Thu Jan 16 2025, 24.04761904761906
05:00, Thu Jan 16 2025, 24.141156462585048
06:00, Thu Jan 16 2025, 24.234693877551035
07:00, Thu Jan 16 2025, 24.32823129251702
08:00, Thu Jan 16 2025, 24.421768707483007
09:00, Thu Jan 16 2025, 24.515306122448994
10:00, Thu Jan 16 2025, 24.60884353741498
11:00, Thu Jan 16 2025, 24.702380952380967
12:00, Thu Jan 16 2025, 24.795918367346953
13:00, Thu Jan 16 2025, 24.88945578231294
14:00, Thu Jan 16 2025, 24.982993197278926
15:00, Thu Jan 16 2025, 25.076530612244913
16:00, Thu Jan 16 2025, 25.1700680272109
17:00, Thu Jan 16 2025, 25.263605442176885
18:00, Thu Jan 16 2025, 25.357142857142872
19:00, Thu Jan 16 2025, 25.45068027210886
20:00, Thu Jan 16 2025, 25.544217687074845
21:00, Thu Jan 16 2025, 25.63775510204083
22:00, Thu Jan 16 2025, 25.731292517006818
23:00, Thu Jan 16 2025, 25.824829931972804
00:00, Fri Jan 17 2025, 25.91836734693879
01:00, Fri Jan 17 2025, 26.011904761904777
02:00, Fri Jan 17 2025, 26.105442176870763
03:00, Fri Jan 17 2025, 26.19897959183675
04:00, Fri Jan 17 2025, 26.292517006802736
05:00, Fri Jan 17 2025, 26.386054421768723
06:00, Fri Jan 17 2025, 26.47959183673471
07:00, Fri Jan 17 2025, 26.573129251700696
08:00, Fri Jan 17 2025, 26.666666666666682
09:00, Fri Jan 17 2025, 26.76020408163267
10:00, Fri Jan 17 2025, 26.853741496598655
11:00, Fri Jan 17 2025, 26.94727891156464
12:00, Fri Jan 17 2025, 27.040816326530628
13:00, Fri Jan 17 2025, 27.134353741496614
14:00, Fri Jan 17 2025, 27.2278911564626
15:00, Fri Jan 17 2025, 27.321428571428587
16:00, Fri Jan 17 2025, 27.414965986394574
17:00, Fri Jan 17 2025, 27.50850340136056
18:00, Fri Jan 17 2025, 27.602040816326546
19:00, Fri Jan 17 2025, 27.695578231292533
20:00, Fri Jan 17 2025, 27.78911564625852
21:00, Fri Jan 17 2025, 27.882653061224506
22:00, Fri Jan 17 2025, 27.976190476190492
23:00, Fri Jan 17 2025, 28.06972789115648
00:00, Sat Jan 18 2025, 28.163265306122465
01:00, Sat Jan 18 2025, 28.25680272108845
02:00, Sat Jan 18 2025, 28.350340136054438
03:00, Sat Jan 18 2025, 28.443877551020424
04:00, Sat Jan 18 2025, 28.53741496598641
05:00, Sat Jan 18 2025, 28.630952380952397
06:00, Sat Jan 18 2025, 28.724489795918384
07:00, Sat Jan 18 2025, 28.81802721088437
08:00, Sat Jan 18 2025, 28.911564625850357
09:00, Sat Jan 18 2025, 29.005102040816343
10:00, Sat Jan 18 2025, 29.09863945578233
11:00, Sat Jan 18 2025, 29.192176870748316
12:00, Sat Jan 18 2025, 29.285714285714302
13:00, Sat Jan 18 2025, 29.37925170068029
14:00, Sat Jan 18 2025, 29.472789115646275
15:00, Sat Jan 18 2025, 29.566326530612262
16:00, Sat Jan 18 2025, 29.65986394557825
17:00, Sat Jan 18 2025, 29.753401360544235
18:00, Sat Jan 18 2025, 29.84693877551022
19:00, Sat Jan 18 2025, 29.940476190476208
20:00, Sat Jan 18 2025, 30.034013605442194
21:00, Sat Jan 18 2025, 30.12755102040818
22:00, Sat Jan 18 2025, 30.221088435374167
23:00, Sat Jan 18 2025, 30.314625850340153
00:00, Sun Jan 19 2025, 30.40816326530614
01:00, Sun Jan 19 2025, 30.501700680272126
02:00, Sun Jan 19 2025, 30.595238095238113
03:00, Sun Jan 19 2025, 30.6887755102041
04:00, Sun Jan 19 2025, 30.782312925170086
05:00, Sun Jan 19 2025, 30.875850340136072
06:00, Sun Jan 19 2025, 30.96938775510206
07:00, Sun Jan 19 2025, 31.062925170068045
08:00, Sun Jan 19 2025, 31.15646258503403
09:00, Sun Jan 19 2025, 31.250000000000018
10:00, Sun Jan 19 2025, 31.343537414966004
11:00, Sun Jan 19 2025, 31.43707482993199
12:00, Sun Jan 19 2025, 31.530612244897977
13:00, Sun Jan 19 2025, 31.624149659863964
14:00, Sun Jan 19 2025, 31.71768707482995
15:00, Sun Jan 19 2025, 31.811224489795936
16:00, Sun Jan 19 2025, 31.904761904761923
17:00, Sun Jan 19 2025, 31.99829931972791
18:00, Sun Jan 19 2025, 32.09183673469389
19:00, Sun Jan 19 2025, 32.18537414965988
20:00, Sun Jan 19 2025, 32.278911564625865
21:00, Sun Jan 19 2025, 32.37244897959185
22:00, Sun Jan 19 2025, 32.46598639455784
23:00, Sun Jan 19 2025, 32.559523809523824
00:00, Mon Jan 20 2025, 32.65306122448981
01:00, Mon Jan 20 2025, 32.7465986394558
02:00, Mon Jan 20 2025, 32.840136054421784
03:00, Mon Jan 20 2025, 32.93367346938777
04:00, Mon Jan 20 2025, 33.02721088435376
05:00, Mon Jan 20 2025, 33.12074829931974
06:00, Mon Jan 20 2025, 33.21428571428573
07:00, Mon Jan 20 2025, 33.307823129251716
08:00, Mon Jan 20 2025, 33.4013605442177
09:00, Mon Jan 20 2025, 33.49489795918369
10:00, Mon Jan 20 2025, 33.588435374149675
11:00, Mon Jan 20 2025, 33.68197278911566
12:00, Mon Jan 20 2025, 33.77551020408165
13:00, Mon Jan 20 2025, 33.869047619047635
14:00, Mon Jan 20 2025, 33.96258503401362
15:00, Mon Jan 20 2025, 34.05612244897961
16:00, Mon Jan 20 2025, 34.149659863945594
17:00, Mon Jan 20 2025, 34.24319727891158
18:00, Mon Jan 20 2025, 34.33673469387757
19:00, Mon Jan 20 2025, 34.43027210884355
20:00, Mon Jan 20 2025, 34.52380952380954
21:00, Mon Jan 20 2025, 34.617346938775526
22:00, Mon Jan 20 2025, 34.71088435374151
23:00, Mon Jan 20 2025, 34.8044217687075
00:00, Tue Jan 21 2025, 34.897959183673485
01:00, Tue Jan 21 2025, 34.99149659863947
02:00, Tue Jan 21 2025, 35.08503401360546
03:00, Tue Jan 21 2025, 35.178571428571445
04:00, Tue Jan 21 2025, 35.27210884353743
05:00, Tue Jan 21 2025, 35.36564625850342
06:00, Tue Jan 21 2025, 35.459183673469404
07:00, Tue Jan 21 2025, 35.55272108843539
08:00, Tue Jan 21 2025, 35.64625850340138
09:00, Tue Jan 21 2025, 35.73979591836736
10:00, Tue Jan 21 2025, 35.83333333333335
11:00, Tue Jan 21 2025, 35.926870748299336
12:00, Tue Jan 21 2025, 36.02040816326532
13:00, Tue Jan 21 2025, 36.11394557823131
14:00, Tue Jan 21 2025, 36.207482993197296
15:00, Tue Jan 21 2025, 36.30102040816328
16:00, Tue Jan 21 2025, 36.39455782312927
17:00, Tue Jan 21 2025, 36.488095238095255
18:00, Tue Jan 21 2025, 36.58163265306124
19:00, Tue Jan 21 2025, 36.67517006802723
20:00, Tue Jan 21 2025, 36.768707482993214
21:00, Tue Jan 21 2025, 36.8622448979592
22:00, Tue Jan 21 2025, 36.95578231292519
23:00, Tue Jan 21 2025, 37.049319727891174
00:00, Wed Jan 22 2025, 37.14285714285716
01:00, Wed Jan 22 2025, 37.23639455782315
02:00, Wed Jan 22 2025, 37.32993197278913
03:00, Wed Jan 22 2025, 37.42346938775512
04:00, Wed Jan 22 2025, 37.517006802721106
05:00, Wed Jan 22 2025, 37.61054421768709
06:00, Wed Jan 22 2025, 37.70408163265308
07:00, Wed Jan 22 2025, 37.797619047619065
08:00, Wed Jan 22 2025, 37.89115646258505
09:00, Wed Jan 22 2025, 37.98469387755104
10:00, Wed Jan 22 2025, 38.078231292517025
11:00, Wed Jan 22 2025, 38.17176870748301
12:00, Wed Jan 22 2025, 38.265306122449
13:00, Wed Jan 22 2025, 38.358843537414984
14:00, Wed Jan 22 2025, 38.45238095238097
15:00, Wed Jan 22 2025, 38.54591836734696
16:00, Wed Jan 22 2025, 38.63945578231294
17:00, Wed Jan 22 2025, 38.73299319727893
18:00, Wed Jan 22 2025, 38.826530612244916
19:00, Wed Jan 22 2025, 38.9200680272109
20:00, Wed Jan 22 2025, 39.01360544217689
21:00, Wed Jan 22 2025, 39.107142857142875
22:00, Wed Jan 22 2025, 39.20068027210886
23:00, Wed Jan 22 2025, 39.29421768707485
00:00, Thu Jan 23 2025, 39.387755102040835
01:00, Thu Jan 23 2025, 39.48129251700682
02:00, Thu Jan 23 2025, 39.57482993197281
03:00, Thu Jan 23 2025, 39.668367346938794
04:00, Thu Jan 23 2025, 39.76190476190478
05:00, Thu Jan 23 2025, 39.85544217687077
06:00, Thu Jan 23 2025, 39.94897959183675
07:00, Thu Jan 23 2025, 40.04251700680274
08:00, Thu Jan 23 2025, 40.136054421768726
09:00, Thu Jan 23 2025, 40.22959183673471
10:00, Thu Jan 23 2025, 40.3231292517007
11:00, Thu Jan 23 2025, 40.416666666666686
12:00, Thu Jan 23 2025, 40.51020408163267
13:00, Thu Jan 23 2025, 40.60374149659866
14:00, Thu Jan 23 2025, 40.697278911564645
15:00, Thu Jan 23 2025, 40.79081632653063
16:00, Thu Jan 23 2025, 40.88435374149662
17:00, Thu Jan 23 2025, 40.977891156462604
18:00, Thu Jan 23 2025, 41.07142857142859
19:00, Thu Jan 23 2025, 41.16496598639458
20:00, Thu Jan 23 2025, 41.258503401360564
21:00, Thu Jan 23 2025, 41.35204081632655
22:00, Thu Jan 23 2025, 41.44557823129254
23:00, Thu Jan 23 2025, 41.53911564625852
00:00, Fri Jan 24 2025, 41.63265306122451
01:00, Fri Jan 24 2025, 41.726190476190496
02:00, Fri Jan 24 2025, 41.81972789115648
03:00, Fri Jan 24 2025, 41.91326530612247
04:00, Fri Jan 24 2025, 42.006802721088455
05:00, Fri Jan 24 2025, 42.10034013605444
06:00, Fri Jan 24 2025, 42.19387755102043
07:00, Fri Jan 24 2025, 42.287414965986414
08:00, Fri Jan 24 2025, 42.3809523809524
09:00, Fri Jan 24 2025, 42.47448979591839
10:00, Fri Jan 24 2025, 42.568027210884374
11:00, Fri Jan 24 2025, 42.66156462585036
12:00, Fri Jan 24 2025, 42.75510204081635
13:00, Fri Jan 24 2025, 42.84863945578233
14:00, Fri Jan 24 2025, 42.94217687074832
15:00, Fri Jan 24 2025, 43.035714285714306
16:00, Fri Jan 24 2025, 43.12925170068029
17:00, Fri Jan 24 2025, 43.22278911564628
18:00, Fri Jan 24 2025, 43.316326530612265
19:00, Fri Jan 24 2025, 43.40986394557825
20:00, Fri Jan 24 2025, 43.50340136054424
21:00, Fri Jan 24 2025, 43.596938775510225
22:00, Fri Jan 24 2025, 43.69047619047621
23:00, Fri Jan 24 2025, 43.7840136054422
00:00, Sat Jan 25 2025, 43.877551020408184
01:00, Sat Jan 25 2025, 43.97108843537417
02:00, Sat Jan 25 2025, 44.06462585034016
03:00, Sat Jan 25 2025, 44.15816326530614
04:00, Sat Jan 25 2025, 44.25170068027213
05:00, Sat Jan 25 2025, 44.345238095238116
06:00, Sat Jan 25 2025, 44.4387755102041
07:00, Sat Jan 25 2025, 44.53231292517009
08:00, Sat Jan 25 2025, 44.625850340136076
09:00, Sat Jan 25 2025, 44.71938775510206
10:00, Sat Jan 25 2025, 44.81292517006805
11:00, Sat Jan 25 2025, 44.906462585034035
12:00, Sat Jan 25 2025, 45.00000000000002
13:00, Sat Jan 25 2025, 45.09353741496601
14:00, Sat Jan 25 2025, 45.187074829931994
15:00, Sat Jan 25 2025, 45.28061224489798
16:00, Sat Jan 25 2025, 45.37414965986397
17:00, Sat Jan 25 2025, 45.46768707482995
18:00, Sat Jan 25 2025, 45.56122448979594
19:00, Sat Jan 25 2025, 45.654761904761926
20:00, Sat Jan 25 2025, 45.74829931972791
21:00, Sat Jan 25 2025, 45.8418367346939
22:00, Sat Jan 25 2025, 45.935374149659886
23:00, Sat Jan 25 2025, 46.02891156462587
00:00, Sun Jan 26 2025, 46.12244897959186
01:00, Sun Jan 26 2025, 46.215986394557845
02:00, Sun Jan 26 2025, 46.30952380952383
03:00, Sun Jan 26 2025, 46.40306122448982
04:00, Sun Jan 26 2025, 46.496598639455804
05:00, Sun Jan 26 2025, 46.59013605442179
06:00, Sun Jan 26 2025, 46.68367346938778
07:00, Sun Jan 26 2025, 46.777210884353764
08:00, Sun Jan 26 2025, 46.87074829931975
09:00, Sun Jan 26 2025, 46.96428571428574
10:00, Sun Jan 26 2025, 47.05782312925172
11:00, Sun Jan 26 2025, 47.15136054421771
12:00, Sun Jan 26 2025, 47.244897959183696
13:00, Sun Jan 26 2025, 47.33843537414968
14:00, Sun Jan 26 2025, 47.43197278911567
15:00, Sun Jan 26 2025, 47.525510204081655
16:00, Sun Jan 26 2025, 47.61904761904764
17:00, Sun Jan 26 2025, 47.71258503401363
18:00, Sun Jan 26 2025, 47.806122448979615
19:00, Sun Jan 26 2025, 47.8996598639456
20:00, Sun Jan 26 2025, 47.99319727891159
21:00, Sun Jan 26 2025, 48.086734693877574
22:00, Sun Jan 26 2025, 48.18027210884356
23:00, Sun Jan 26 2025, 48.27380952380955
00:00, Mon Jan 27 2025, 48.36734693877553
01:00, Mon Jan 27 2025, 48.46088435374152
02:00, Mon Jan 27 2025, 48.554421768707506
03:00, Mon Jan 27 2025, 48.64795918367349
04:00, Mon Jan 27 2025, 48.74149659863948
05:00, Mon Jan 27 2025, 48.835034013605465
06:00, Mon Jan 27 2025, 48.92857142857145
07:00, Mon Jan 27 2025, 49.02210884353744
08:00, Mon Jan 27 2025, 49.115646258503425
09:00, Mon Jan 27 2025, 49.20918367346941
10:00, Mon Jan 27 2025, 49.3027210884354
11:00, Mon Jan 27 2025, 49.396258503401384
12:00, Mon Jan 27 2025, 49.48979591836737
13:00, Mon Jan 27 2025, 49.58333333333336
14:00, Mon Jan 27 2025, 49.67687074829934
15:00, Mon Jan 27 2025, 49.77040816326533
16:00, Mon Jan 27 2025, 49.863945578231316
17:00, Mon Jan 27 2025, 49.9574829931973
18:00, Mon Jan 27 2025, 50.05102040816329
19:00, Mon Jan 27 2025, 50.144557823129276
20:00, Mon Jan 27 2025, 50.23809523809526
21:00, Mon Jan 27 2025, 50.33163265306125
22:00, Mon Jan 27 2025, 50.425170068027235
23:00, Mon Jan 27 2025, 50.51870748299322
00:00, Tue Jan 28 2025, 50.61224489795921
01:00, Tue Jan 28 2025, 50.705782312925194
02:00, Tue Jan 28 2025, 50.79931972789118
03:00, Tue Jan 28 2025, 50.89285714285717
04:00, Tue Jan 28 2025, 50.986394557823154
05:00, Tue Jan 28 2025, 51.07993197278914
06:00, Tue Jan 28 2025, 51.17346938775513
07:00, Tue Jan 28 2025, 51.26700680272111
08:00, Tue Jan 28 2025, 51.3605442176871
09:00, Tue Jan 28 2025, 51.454081632653086
10:00, Tue Jan 28 2025, 51.54761904761907
11:00, Tue Jan 28 2025, 51.64115646258506
12:00, Tue Jan 28 2025, 51.734693877551045
13:00, Tue Jan 28 2025, 51.82823129251703
14:00, Tue Jan 28 2025, 51.92176870748302
15:00, Tue Jan 28 2025, 52.015306122449005
16:00, Tue Jan 28 2025, 52.10884353741499
17:00, Tue Jan 28 2025, 52.20238095238098
18:00, Tue Jan 28 2025, 52.295918367346964
19:00, Tue Jan 28 2025, 52.38945578231295
20:00, Tue Jan 28 2025, 52.48299319727894
21:00, Tue Jan 28 2025, 52.57653061224492
22:00, Tue Jan 28 2025, 52.67006802721091
23:00, Tue Jan 28 2025, 52.763605442176896
00:00, Wed Jan 29 2025, 52.85714285714288
01:00, Wed Jan 29 2025, 52.95068027210887
02:00, Wed Jan 29 2025, 53.044217687074855
03:00, Wed Jan 29 2025, 53.13775510204084
04:00, Wed Jan 29 2025, 53.23129251700683
05:00, Wed Jan 29 2025, 53.324829931972815
06:00, Wed Jan 29 2025, 53.4183673469388
07:00, Wed Jan 29 2025, 53.51190476190479
08:00, Wed Jan 29 2025, 53.605442176870774
09:00, Wed Jan 29 2025, 53.69897959183676
10:00, Wed Jan 29 2025, 53.79251700680275
11:00, Wed Jan 29 2025, 53.88605442176873
12:00, Wed Jan 29 2025, 53.97959183673472
13:00, Wed Jan 29 2025, 54.073129251700706
14:00, Wed Jan 29 2025, 54.16666666666669
15:00, Wed Jan 29 2025, 54.26020408163268
16:00, Wed Jan 29 2025, 54.353741496598666
17:00, Wed Jan 29 2025, 54.44727891156465
18:00, Wed Jan 29 2025, 54.54081632653064
19:00, Wed Jan 29 2025, 54.634353741496625
20:00, Wed Jan 29 2025, 54.72789115646261
21:00, Wed Jan 29 2025, 54.8214285714286
22:00, Wed Jan 29 2025, 54.914965986394584
23:00, Wed Jan 29 2025, 55.00850340136057
00:00, Thu Jan 30 2025, 55.10204081632656
01:00, Thu Jan 30 2025, 55.195578231292544
02:00, Thu Jan 30 2025, 55.28911564625853
03:00, Thu Jan 30 2025, 55.38265306122452
04:00, Thu Jan 30 2025, 55.4761904761905
05:00, Thu Jan 30 2025, 55.56972789115649
06:00, Thu Jan 30 2025, 55.663265306122476
07:00, Thu Jan 30 2025, 55.75680272108846
08:00, Thu Jan 30 2025, 55.85034013605445
09:00, Thu Jan 30 2025, 55.943877551020435
10:00, Thu Jan 30 2025, 56.03741496598642
11:00, Thu Jan 30 2025, 56.13095238095241
12:00, Thu Jan 30 2025, 56.224489795918394
13:00, Thu Jan 30 2025, 56.31802721088438
14:00, Thu Jan 30 2025, 56.41156462585037
15:00, Thu Jan 30 2025, 56.505102040816354
16:00, Thu Jan 30 2025, 56.59863945578234
17:00, Thu Jan 30 2025, 56.69217687074833
18:00, Thu Jan 30 2025, 56.78571428571431
19:00, Thu Jan 30 2025, 56.8792517006803
20:00, Thu Jan 30 2025, 56.972789115646286
21:00, Thu Jan 30 2025, 57.06632653061227
22:00, Thu Jan 30 2025, 57.15986394557826
23:00, Thu Jan 30 2025, 57.253401360544245
00:00, Fri Jan 31 2025, 57.34693877551023
01:00, Fri Jan 31 2025, 57.44047619047622
02:00, Fri Jan 31 2025, 57.534013605442205
03:00, Fri Jan 31 2025, 57.62755102040819
04:00, Fri Jan 31 2025, 57.72108843537418
05:00, Fri Jan 31 2025, 57.814625850340164
06:00, Fri Jan 31 2025, 57.90816326530615
07:00, Fri Jan 31 2025, 58.00170068027214
08:00, Fri Jan 31 2025, 58.09523809523812
09:00, Fri Jan 31 2025, 58.18877551020411
10:00, Fri Jan 31 2025, 58.282312925170096
11:00, Fri Jan 31 2025, 58.37585034013608
12:00, Fri Jan 31 2025, 58.46938775510207
13:00, Fri Jan 31 2025, 58.562925170068056
14:00, Fri Jan 31 2025, 58.65646258503404
15:00, Fri Jan 31 2025, 58.75000000000003
16:00, Fri Jan 31 2025, 58.843537414966015
17:00, Fri Jan 31 2025, 58.937074829932
18:00, Fri Jan 31 2025, 59.03061224489799
19:00, Fri Jan 31 2025, 59.124149659863974
20:00, Fri Jan 31 2025, 59.21768707482996
21:00, Fri Jan 31 2025, 59.31122448979595
22:00, Fri Jan 31 2025, 59.40476190476193
23:00, Fri Jan 31 2025, 59.49829931972792
00:00, Sat Feb 01 2025, 59.591836734693906
01:00, Sat Feb 01 2025, 59.68537414965989
02:00, Sat Feb 01 2025, 59.77891156462588
03:00, Sat Feb 01 2025, 59.872448979591866
04:00, Sat Feb 01 2025, 59.96598639455785
05:00, Sat Feb 01 2025, 60.05952380952384
06:00, Sat Feb 01 2025, 60.153061224489825
07:00, Sat Feb 01 2025, 60.24659863945581
08:00, Sat Feb 01 2025, 60.3401360544218
09:00, Sat Feb 01 2025, 60.433673469387784
10:00, Sat Feb 01 2025, 60.52721088435377
11:00, Sat Feb 01 2025, 60.62074829931976
12:00, Sat Feb 01 2025, 60.714285714285744
13:00, Sat Feb 01 2025, 60.80782312925173
14:00, Sat Feb 01 2025, 60.90136054421772
15:00, Sat Feb 01 2025, 60.9948979591837
16:00, Sat Feb 01 2025, 61.08843537414969
17:00, Sat Feb 01 2025, 61.181972789115676
18:00, Sat Feb 01 2025, 61.27551020408166
19:00, Sat Feb 01 2025, 61.36904761904765
20:00, Sat Feb 01 2025, 61.462585034013635
21:00, Sat Feb 01 2025, 61.55612244897962
22:00, Sat Feb 01 2025, 61.64965986394561
23:00, Sat Feb 01 2025, 61.743197278911595
00:00, Sun Feb 02 2025, 61.83673469387758
01:00, Sun Feb 02 2025, 61.93027210884357
02:00, Sun Feb 02 2025, 62.023809523809554
03:00, Sun Feb 02 2025, 62.11734693877554
04:00, Sun Feb 02 2025, 62.21088435374153
05:00, Sun Feb 02 2025, 62.30442176870751
06:00, Sun Feb 02 2025, 62.3979591836735
07:00, Sun Feb 02 2025, 62.491496598639486
08:00, Sun Feb 02 2025, 62.58503401360547
09:00, Sun Feb 02 2025, 62.67857142857146
10:00, Sun Feb 02 2025, 62.772108843537445
11:00, Sun Feb 02 2025, 62.86564625850343
12:00, Sun Feb 02 2025, 62.95918367346942
13:00, Sun Feb 02 2025, 63.052721088435405
14:00, Sun Feb 02 2025, 63.14625850340139
15:00, Sun Feb 02 2025, 63.23979591836738
16:00, Sun Feb 02 2025, 63.333333333333364
17:00, Sun Feb 02 2025, 63.42687074829935
18:00, Sun Feb 02 2025, 63.52040816326534
19:00, Sun Feb 02 2025, 63.61394557823132
20:00, Sun Feb 02 2025, 63.70748299319731
21:00, Sun Feb 02 2025, 63.801020408163296
22:00, Sun Feb 02 2025, 63.89455782312928
23:00, Sun Feb 02 2025, 63.98809523809527
00:00, Mon Feb 03 2025, 64.08163265306125
01:00, Mon Feb 03 2025, 64.17517006802723
02:00, Mon Feb 03 2025, 64.26870748299321
03:00, Mon Feb 03 2025, 64.36224489795919
04:00, Mon Feb 03 2025, 64.45578231292517
05:00, Mon Feb 03 2025, 64.54931972789115
06:00, Mon Feb 03 2025, 64.64285714285712
07:00, Mon Feb 03 2025, 64.7363945578231
08:00, Mon Feb 03 2025, 64.82993197278908
09:00, Mon Feb 03 2025, 64.92346938775506
10:00, Mon Feb 03 2025, 65.01700680272104
11:00, Mon Feb 03 2025, 65.11054421768702
12:00, Mon Feb 03 2025, 65.204081632653
13:00, Mon Feb 03 2025, 65.29761904761898
14:00, Mon Feb 03 2025, 65.39115646258496
15:00, Mon Feb 03 2025, 65.48469387755094
16:00, Mon Feb 03 2025, 65.57823129251692
17:00, Mon Feb 03 2025, 65.6717687074829
18:00, Mon Feb 03 2025, 65.76530612244888
19:00, Mon Feb 03 2025, 65.85884353741486
20:00, Mon Feb 03 2025, 65.95238095238084
21:00, Mon Feb 03 2025, 66.04591836734681
22:00, Mon Feb 03 2025, 66.1394557823128
23:00, Mon Feb 03 2025, 66.23299319727877
00:00, Tue Feb 04 2025, 66.32653061224475
01:00, Tue Feb 04 2025, 66.42006802721073
02:00, Tue Feb 04 2025, 66.51360544217671
03:00, Tue Feb 04 2025, 66.60714285714269
04:00, Tue Feb 04 2025, 66.70068027210867
05:00, Tue Feb 04 2025, 66.79421768707465
06:00, Tue Feb 04 2025, 66.88775510204063
07:00, Tue Feb 04 2025, 66.98129251700661
08:00, Tue Feb 04 2025, 67.07482993197259
09:00, Tue Feb 04 2025, 67.16836734693857
10:00, Tue Feb 04 2025, 67.26190476190455
11:00, Tue Feb 04 2025, 67.35544217687053
12:00, Tue Feb 04 2025, 67.4489795918365
13:00, Tue Feb 04 2025, 67.54251700680248
14:00, Tue Feb 04 2025, 67.63605442176846
15:00, Tue Feb 04 2025, 67.72959183673444
16:00, Tue Feb 04 2025, 67.82312925170042
17:00, Tue Feb 04 2025, 67.9166666666664
18:00, Tue Feb 04 2025, 68.01020408163238
19:00, Tue Feb 04 2025, 68.10374149659836
20:00, Tue Feb 04 2025, 68.19727891156434
21:00, Tue Feb 04 2025, 68.29081632653032
22:00, Tue Feb 04 2025, 68.3843537414963
23:00, Tue Feb 04 2025, 68.47789115646228
00:00, Wed Feb 05 2025, 68.57142857142826
01:00, Wed Feb 05 2025, 68.66496598639424
02:00, Wed Feb 05 2025, 68.75850340136022
03:00, Wed Feb 05 2025, 68.8520408163262
04:00, Wed Feb 05 2025, 68.94557823129217
05:00, Wed Feb 05 2025, 69.03911564625815
06:00, Wed Feb 05 2025, 69.13265306122413
07:00, Wed Feb 05 2025, 69.22619047619011
08:00, Wed Feb 05 2025, 69.31972789115609
09:00, Wed Feb 05 2025, 69.41326530612207
10:00, Wed Feb 05 2025, 69.50680272108805
11:00, Wed Feb 05 2025, 69.60034013605403
12:00, Wed Feb 05 2025, 69.69387755102001
13:00, Wed Feb 05 2025, 69.78741496598599
14:00, Wed Feb 05 2025, 69.88095238095197
15:00, Wed Feb 05 2025, 69.97448979591795
16:00, Wed Feb 05 2025, 70.06802721088393
17:00, Wed Feb 05 2025, 70.1615646258499
18:00, Wed Feb 05 2025, 70.25510204081588
19:00, Wed Feb 05 2025, 70.34863945578186
20:00, Wed Feb 05 2025, 70.44217687074784
21:00, Wed Feb 05 2025, 70.53571428571382
22:00, Wed Feb 05 2025, 70.6292517006798
23:00, Wed Feb 05 2025, 70.72278911564578
00:00, Thu Feb 06 2025, 70.81632653061176
01:00, Thu Feb 06 2025, 70.90986394557774
02:00, Thu Feb 06 2025, 71.00340136054372
03:00, Thu Feb 06 2025, 71.0969387755097
04:00, Thu Feb 06 2025, 71.19047619047568
05:00, Thu Feb 06 2025, 71.28401360544166
06:00, Thu Feb 06 2025, 71.37755102040764
07:00, Thu Feb 06 2025, 71.47108843537362
08:00, Thu Feb 06 2025, 71.5646258503396
09:00, Thu Feb 06 2025, 71.65816326530557
10:00, Thu Feb 06 2025, 71.75170068027155
11:00, Thu Feb 06 2025, 71.84523809523753
12:00, Thu Feb 06 2025, 71.93877551020351
13:00, Thu Feb 06 2025, 72.03231292516949
14:00, Thu Feb 06 2025, 72.12585034013547
15:00, Thu Feb 06 2025, 72.21938775510145
16:00, Thu Feb 06 2025, 72.31292517006743
17:00, Thu Feb 06 2025, 72.40646258503341
18:00, Thu Feb 06 2025, 72.49999999999939
19:00, Thu Feb 06 2025, 72.59353741496537
20:00, Thu Feb 06 2025, 72.68707482993135
21:00, Thu Feb 06 2025, 72.78061224489733
22:00, Thu Feb 06 2025, 72.8741496598633
23:00, Thu Feb 06 2025, 72.96768707482929
00:00, Fri Feb 07 2025, 73.06122448979526
01:00, Fri Feb 07 2025, 73.15476190476124
02:00, Fri Feb 07 2025, 73.24829931972722
03:00, Fri Feb 07 2025, 73.3418367346932
04:00, Fri Feb 07 2025, 73.43537414965918
05:00, Fri Feb 07 2025, 73.52891156462516
06:00, Fri Feb 07 2025, 73.62244897959114
07:00, Fri Feb 07 2025, 73.71598639455712
08:00, Fri Feb 07 2025, 73.8095238095231
09:00, Fri Feb 07 2025, 73.90306122448908
10:00, Fri Feb 07 2025, 73.99659863945506
11:00, Fri Feb 07 2025, 74.09013605442104
12:00, Fri Feb 07 2025, 74.18367346938702
13:00, Fri Feb 07 2025, 74.277210884353
14:00, Fri Feb 07 2025, 74.37074829931898
15:00, Fri Feb 07 2025, 74.46428571428496
16:00, Fri Feb 07 2025, 74.55782312925093
17:00, Fri Feb 07 2025, 74.65136054421691
18:00, Fri Feb 07 2025, 74.7448979591829
19:00, Fri Feb 07 2025, 74.83843537414887
20:00, Fri Feb 07 2025, 74.93197278911485
21:00, Fri Feb 07 2025, 75.02551020408083
22:00, Fri Feb 07 2025, 75.11904761904681
23:00, Fri Feb 07 2025, 75.21258503401279
00:00, Sat Feb 08 2025, 75.30612244897877
01:00, Sat Feb 08 2025, 75.39965986394475
02:00, Sat Feb 08 2025, 75.49319727891073
03:00, Sat Feb 08 2025, 75.5867346938767
04:00, Sat Feb 08 2025, 75.68027210884269
05:00, Sat Feb 08 2025, 75.77380952380867
06:00, Sat Feb 08 2025, 75.86734693877465
07:00, Sat Feb 08 2025, 75.96088435374062
08:00, Sat Feb 08 2025, 76.0544217687066
09:00, Sat Feb 08 2025, 76.14795918367258
10:00, Sat Feb 08 2025, 76.24149659863856
11:00, Sat Feb 08 2025, 76.33503401360454
12:00, Sat Feb 08 2025, 76.42857142857052
13:00, Sat Feb 08 2025, 76.5221088435365
14:00, Sat Feb 08 2025, 76.61564625850248
15:00, Sat Feb 08 2025, 76.70918367346846
16:00, Sat Feb 08 2025, 76.80272108843444
17:00, Sat Feb 08 2025, 76.89625850340042
18:00, Sat Feb 08 2025, 76.9897959183664
19:00, Sat Feb 08 2025, 77.08333333333238
20:00, Sat Feb 08 2025, 77.17687074829836
21:00, Sat Feb 08 2025, 77.27040816326434
22:00, Sat Feb 08 2025, 77.36394557823031
23:00, Sat Feb 08 2025, 77.4574829931963
00:00, Sun Feb 09 2025, 77.55102040816227
01:00, Sun Feb 09 2025, 77.64455782312825
02:00, Sun Feb 09 2025, 77.73809523809423
03:00, Sun Feb 09 2025, 77.83163265306021
04:00, Sun Feb 09 2025, 77.92517006802619
05:00, Sun Feb 09 2025, 78.01870748299217
06:00, Sun Feb 09 2025, 78.11224489795815
07:00, Sun Feb 09 2025, 78.20578231292413
08:00, Sun Feb 09 2025, 78.29931972789011
09:00, Sun Feb 09 2025, 78.39285714285609
10:00, Sun Feb 09 2025, 78.48639455782207
11:00, Sun Feb 09 2025, 78.57993197278805
12:00, Sun Feb 09 2025, 78.67346938775403
13:00, Sun Feb 09 2025, 78.76700680272
14:00, Sun Feb 09 2025, 78.86054421768598
15:00, Sun Feb 09 2025, 78.95408163265196
16:00, Sun Feb 09 2025, 79.04761904761794
17:00, Sun Feb 09 2025, 79.14115646258392
18:00, Sun Feb 09 2025, 79.2346938775499
19:00, Sun Feb 09 2025, 79.32823129251588
20:00, Sun Feb 09 2025, 79.42176870748186
21:00, Sun Feb 09 2025, 79.51530612244784
22:00, Sun Feb 09 2025, 79.60884353741382
23:00, Sun Feb 09 2025, 79.7023809523798
00:00, Mon Feb 10 2025, 79.79591836734578
01:00, Mon Feb 10 2025, 79.88945578231176
02:00, Mon Feb 10 2025, 79.98299319727774
03:00, Mon Feb 10 2025, 80.07653061224372
04:00, Mon Feb 10 2025, 80.1700680272097
05:00, Mon Feb 10 2025, 80.26360544217567
06:00, Mon Feb 10 2025, 80.35714285714165
07:00, Mon Feb 10 2025, 80.45068027210763
08:00, Mon Feb 10 2025, 80.54421768707361
09:00, Mon Feb 10 2025, 80.63775510203959
10:00, Mon Feb 10 2025, 80.73129251700557
11:00, Mon Feb 10 2025, 80.82482993197155
12:00, Mon Feb 10 2025, 80.91836734693753
13:00, Mon Feb 10 2025, 81.01190476190351
14:00, Mon Feb 10 2025, 81.10544217686949
15:00, Mon Feb 10 2025, 81.19897959183547
16:00, Mon Feb 10 2025, 81.29251700680145
17:00, Mon Feb 10 2025, 81.38605442176743
18:00, Mon Feb 10 2025, 81.4795918367334
19:00, Mon Feb 10 2025, 81.57312925169938
20:00, Mon Feb 10 2025, 81.66666666666536
21:00, Mon Feb 10 2025, 81.76020408163134
22:00, Mon Feb 10 2025, 81.85374149659732
23:00, Mon Feb 10 2025, 81.9472789115633
00:00, Tue Feb 11 2025, 82.04081632652928
01:00, Tue Feb 11 2025, 82.13435374149526
02:00, Tue Feb 11 2025, 82.22789115646124
03:00, Tue Feb 11 2025, 82.32142857142722
04:00, Tue Feb 11 2025, 82.4149659863932
05:00, Tue Feb 11 2025, 82.50850340135918
06:00, Tue Feb 11 2025, 82.60204081632516
07:00, Tue Feb 11 2025, 82.69557823129114
08:00, Tue Feb 11 2025, 82.78911564625712
09:00, Tue Feb 11 2025, 82.8826530612231
10:00, Tue Feb 11 2025, 82.97619047618907
11:00, Tue Feb 11 2025, 83.06972789115505
12:00, Tue Feb 11 2025, 83.16326530612103
13:00, Tue Feb 11 2025, 83.25680272108701
14:00, Tue Feb 11 2025, 83.35034013605299
15:00, Tue Feb 11 2025, 83.44387755101897
16:00, Tue Feb 11 2025, 83.53741496598495
17:00, Tue Feb 11 2025, 83.63095238095093
18:00, Tue Feb 11 2025, 83.72448979591691
19:00, Tue Feb 11 2025, 83.81802721088289
20:00, Tue Feb 11 2025, 83.91156462584887
21:00, Tue Feb 11 2025, 84.00510204081485
22:00, Tue Feb 11 2025, 84.09863945578083
23:00, Tue Feb 11 2025, 84.1921768707468
00:00, Wed Feb 12 2025, 84.28571428571279
01:00, Wed Feb 12 2025, 84.37925170067876
02:00, Wed Feb 12 2025, 84.47278911564474
03:00, Wed Feb 12 2025, 84.56632653061072
04:00, Wed Feb 12 2025, 84.6598639455767
05:00, Wed Feb 12 2025, 84.75340136054268
06:00, Wed Feb 12 2025, 84.84693877550866
07:00, Wed Feb 12 2025, 84.94047619047464
08:00, Wed Feb 12 2025, 85.03401360544062
09:00, Wed Feb 12 2025, 85.1275510204066
10:00, Wed Feb 12 2025, 85.22108843537258
11:00, Wed Feb 12 2025, 85.31462585033856
12:00, Wed Feb 12 2025, 85.40816326530454
13:00, Wed Feb 12 2025, 85.50170068027052
14:00, Wed Feb 12 2025, 85.5952380952365
15:00, Wed Feb 12 2025, 85.68877551020248
16:00, Wed Feb 12 2025, 85.78231292516845
17:00, Wed Feb 12 2025, 85.87585034013443
18:00, Wed Feb 12 2025, 85.96938775510041
19:00, Wed Feb 12 2025, 86.06292517006639
20:00, Wed Feb 12 2025, 86.15646258503237
21:00, Wed Feb 12 2025, 86.24999999999835
22:00, Wed Feb 12 2025, 86.34353741496433
23:00, Wed Feb 12 2025, 86.43707482993031
00:00, Thu Feb 13 2025, 86.53061224489629
01:00, Thu Feb 13 2025, 86.62414965986227
02:00, Thu Feb 13 2025, 86.71768707482825
03:00, Thu Feb 13 2025, 86.81122448979423
04:00, Thu Feb 13 2025, 86.9047619047602
05:00, Thu Feb 13 2025, 86.99829931972619
06:00, Thu Feb 13 2025, 87.09183673469217
07:00, Thu Feb 13 2025, 87.18537414965814
08:00, Thu Feb 13 2025, 87.27891156462412
09:00, Thu Feb 13 2025, 87.3724489795901
10:00, Thu Feb 13 2025, 87.46598639455608
11:00, Thu Feb 13 2025, 87.55952380952206
12:00, Thu Feb 13 2025, 87.65306122448804
13:00, Thu Feb 13 2025, 87.74659863945402
14:00, Thu Feb 13 2025, 87.84013605442
15:00, Thu Feb 13 2025, 87.93367346938598
16:00, Thu Feb 13 2025, 88.02721088435196
17:00, Thu Feb 13 2025, 88.12074829931794
18:00, Thu Feb 13 2025, 88.21428571428392
19:00, Thu Feb 13 2025, 88.3078231292499
20:00, Thu Feb 13 2025, 88.40136054421588
21:00, Thu Feb 13 2025, 88.49489795918186
22:00, Thu Feb 13 2025, 88.58843537414783
23:00, Thu Feb 13 2025, 88.68197278911381
00:00, Fri Feb 14 2025, 88.7755102040798
01:00, Fri Feb 14 2025, 88.86904761904577
02:00, Fri Feb 14 2025, 88.96258503401175
03:00, Fri Feb 14 2025, 89.05612244897773
04:00, Fri Feb 14 2025, 89.14965986394371
05:00, Fri Feb 14 2025, 89.24319727890969
06:00, Fri Feb 14 2025, 89.33673469387567
07:00, Fri Feb 14 2025, 89.43027210884165
08:00, Fri Feb 14 2025, 89.52380952380763
09:00, Fri Feb 14 2025, 89.61734693877361
10:00, Fri Feb 14 2025, 89.71088435373959
11:00, Fri Feb 14 2025, 89.80442176870557
12:00, Fri Feb 14 2025, 89.89795918367155
13:00, Fri Feb 14 2025, 89.99149659863753
14:00, Fri Feb 14 2025, 90.0850340136035
15:00, Fri Feb 14 2025, 90.17857142856948
16:00, Fri Feb 14 2025, 90.27210884353546
17:00, Fri Feb 14 2025, 90.36564625850144
18:00, Fri Feb 14 2025, 90.45918367346742
19:00, Fri Feb 14 2025, 90.5527210884334
20:00, Fri Feb 14 2025, 90.64625850339938
21:00, Fri Feb 14 2025, 90.73979591836536
22:00, Fri Feb 14 2025, 90.83333333333134
23:00, Fri Feb 14 2025, 90.92687074829732
00:00, Sat Feb 15 2025, 91.0204081632633
01:00, Sat Feb 15 2025, 91.11394557822928
02:00, Sat Feb 15 2025, 91.20748299319526
03:00, Sat Feb 15 2025, 91.30102040816124
04:00, Sat Feb 15 2025, 91.39455782312722
05:00, Sat Feb 15 2025, 91.4880952380932
06:00, Sat Feb 15 2025, 91.58163265305917
07:00, Sat Feb 15 2025, 91.67517006802515
08:00, Sat Feb 15 2025, 91.76870748299113
09:00, Sat Feb 15 2025, 91.86224489795711
10:00, Sat Feb 15 2025, 91.95578231292309
11:00, Sat Feb 15 2025, 92.04931972788907
12:00, Sat Feb 15 2025, 92.14285714285505
13:00, Sat Feb 15 2025, 92.23639455782103
14:00, Sat Feb 15 2025, 92.32993197278701
15:00, Sat Feb 15 2025, 92.42346938775299
16:00, Sat Feb 15 2025, 92.51700680271897
17:00, Sat Feb 15 2025, 92.61054421768495
18:00, Sat Feb 15 2025, 92.70408163265093
19:00, Sat Feb 15 2025, 92.7976190476169
20:00, Sat Feb 15 2025, 92.89115646258288
21:00, Sat Feb 15 2025, 92.98469387754886
22:00, Sat Feb 15 2025, 93.07823129251484
23:00, Sat Feb 15 2025, 93.17176870748082
00:00, Sun Feb 16 2025, 93.2653061224468
01:00, Sun Feb 16 2025, 93.35884353741278
02:00, Sun Feb 16 2025, 93.45238095237876
03:00, Sun Feb 16 2025, 93.54591836734474
04:00, Sun Feb 16 2025, 93.63945578231072
05:00, Sun Feb 16 2025, 93.7329931972767
06:00, Sun Feb 16 2025, 93.82653061224268
07:00, Sun Feb 16 2025, 93.92006802720866
08:00, Sun Feb 16 2025, 94.01360544217464
09:00, Sun Feb 16 2025, 94.10714285714062
10:00, Sun Feb 16 2025, 94.2006802721066
11:00, Sun Feb 16 2025, 94.29421768707257
12:00, Sun Feb 16 2025, 94.38775510203855
13:00, Sun Feb 16 2025, 94.48129251700453
14:00, Sun Feb 16 2025, 94.57482993197051
15:00, Sun Feb 16 2025, 94.66836734693649
16:00, Sun Feb 16 2025, 94.76190476190247
17:00, Sun Feb 16 2025, 94.85544217686845
18:00, Sun Feb 16 2025, 94.94897959183443
19:00, Sun Feb 16 2025, 95.04251700680041
20:00, Sun Feb 16 2025, 95.13605442176639
21:00, Sun Feb 16 2025, 95.22959183673237
22:00, Sun Feb 16 2025, 95.32312925169835
23:00, Sun Feb 16 2025, 95.41666666666433
00:00, Mon Feb 17 2025, 95.5102040816303
01:00, Mon Feb 17 2025, 95.60374149659629
02:00, Mon Feb 17 2025, 95.69727891156226
03:00, Mon Feb 17 2025, 95.79081632652824
04:00, Mon Feb 17 2025, 95.88435374149422
05:00, Mon Feb 17 2025, 95.9778911564602
06:00, Mon Feb 17 2025, 96.07142857142618
07:00, Mon Feb 17 2025, 96.16496598639216
08:00, Mon Feb 17 2025, 96.25850340135814
09:00, Mon Feb 17 2025, 96.35204081632412
10:00, Mon Feb 17 2025, 96.4455782312901
11:00, Mon Feb 17 2025, 96.53911564625608
12:00, Mon Feb 17 2025, 96.63265306122206
13:00, Mon Feb 17 2025, 96.72619047618804
14:00, Mon Feb 17 2025, 96.81972789115402
15:00, Mon Feb 17 2025, 96.91326530612
16:00, Mon Feb 17 2025, 97.00680272108598
17:00, Mon Feb 17 2025, 97.10034013605195
18:00, Mon Feb 17 2025, 97.19387755101793
19:00, Mon Feb 17 2025, 97.28741496598391
20:00, Mon Feb 17 2025, 97.38095238094989
21:00, Mon Feb 17 2025, 97.47448979591587
22:00, Mon Feb 17 2025, 97.56802721088185
23:00, Mon Feb 17 2025, 97.66156462584783
00:00, Tue Feb 18 2025, 97.75510204081381
01:00, Tue Feb 18 2025, 97.84863945577979
02:00, Tue Feb 18 2025, 97.94217687074577
03:00, Tue Feb 18 2025, 98.03571428571175
04:00, Tue Feb 18 2025, 98.12925170067773
05:00, Tue Feb 18 2025, 98.2227891156437
06:00, Tue Feb 18 2025, 98.31632653060969
07:00, Tue Feb 18 2025, 98.40986394557567
08:00, Tue Feb 18 2025, 98.50340136054164
09:00, Tue Feb 18 2025, 98.59693877550762
10:00, Tue Feb 18 2025, 98.6904761904736
11:00, Tue Feb 18 2025, 98.78401360543958
12:00, Tue Feb 18 2025, 98.87755102040556
13:00, Tue Feb 18 2025, 98.97108843537154
14:00, Tue Feb 18 2025, 99.06462585033752
15:00, Tue Feb 18 2025, 99.1581632653035
16:00, Tue Feb 18 2025, 99.25170068026948
17:00, Tue Feb 18 2025, 99.34523809523546
18:00, Tue Feb 18 2025, 99.43877551020144
19:00, Tue Feb 18 2025, 99.53231292516742
20:00, Tue Feb 18 2025, 99.6258503401334
21:00, Tue Feb 18 2025, 99.71938775509938
22:00, Tue Feb 18 2025, 99.81292517006536
23:00, Tue Feb 18 2025, 99.90646258503133
